icmp,arp,enip,cip_req,cip_res,tcp_A,tcp_FPA,tcp_S,tcp_FA,tcp_R,tcp_SA,tcp_PA,tcp_NOT_TCP,Y
0,0,8,4,5,26,0,5,10,0,4,0,0,1
0,0,0,0,0,0,0,1,0,0,0,0,0,1
0,0,0,0,0,0,0,0,0,0,0,0,0,1
0,0,1,0,0,1,0,0,0,0,1,0,0,1
0,0,0,0,0,1,0,0,0,0,1,0,0,1
0,0,0,0,0,0,0,1,1,0,0,0,0,1
0,0,1,0,0,0,0,1,0,1,0,0,0,1
0,0,0,0,0,0,0,0,0,0,0,0,0,1
0,0,0,0,0,0,0,1,1,1,0,0,0,1
0,0,1,0,0,1,0,0,0,0,1,0,0,1
0,0,0,0,0,0,0,1,1,0,0,0,0,1
0,0,0,0,0,1,0,2,0,0,2,0,0,1
0,0,0,0,0,1,0,1,0,0,1,0,0,1
0,0,3,0,0,3,0,0,1,1,2,0,0,1
0,0,0,0,0,0,0,0,0,0,0,0,0,1
0,0,0,0,0,1,0,0,1,0,0,0,0,1
0,0,0,0,0,0,0,1,0,1,0,0,0,1
0,0,0,0,0,0,0,1,0,0,0,0,0,1
0,0,1,0,0,1,0,0,1,1,1,0,0,1
0,0,0,0,0,1,0,1,0,0,2,0,0,1
0,0,0,0,0,0,0,0,0,0,1,0,0,1
0,0,1,0,0,1,0,2,1,1,1,0,0,1
0,0,2,0,0,1,0,1,0,0,0,0,0,1
0,0,1,0,0,2,0,0,2,0,1,0,0,1
0,0,0,0,0,1,0,0,0,0,2,0,0,1
0,0,0,0,0,0,0,1,0,1,1,0,0,1
0,0,1,0,0,1,0,1,1,2,1,0,0,1
0,0,0,0,0,0,0,1,0,0,0,0,0,1
0,0,0,0,0,0,0,0,0,0,1,0,0,1
0,0,1,0,0,1,0,0,0,0,1,0,0,1
0,0,0,0,0,2,0,0,1,0,1,0,0,1
0,0,1,0,0,1,0,1,1,1,0,0,0,1
0,0,0,0,0,0,0,1,0,0,0,0,0,1
0,0,2,0,0,1,0,0,1,0,0,0,0,1
0,0,1,0,0,1,0,1,1,1,2,0,0,1
0,0,0,0,0,0,0,0,0,0,1,0,0,1
0,0,0,0,0,1,0,2,1,1,1,0,0,1
0,0,1,0,0,1,0,1,0,1,0,0,0,1
0,0,0,0,0,0,0,0,0,0,0,0,0,1
0,0,0,0,0,0,0,1,1,1,0,0,0,1
0,0,1,0,0,1,0,1,0,0,2,0,0,1
0,0,0,0,0,0,0,1,1,0,1,0,0,1
0,0,0,0,0,1,0,1,0,0,2,0,0,1
0,0,1,0,0,2,0,0,0,1,0,0,0,1
0,0,0,0,0,0,0,1,1,1,0,0,0,1
0,0,1,0,0,2,0,0,1,0,1,0,0,1
0,0,0,0,0,1,0,0,1,0,1,0,0,1
0,0,0,0,0,0,0,2,0,0,1,0,0,1
0,0,2,0,0,2,0,2,1,0,1,0,0,1
0,0,0,0,0,0,0,0,1,1,1,0,0,1
0,0,1,0,0,2,0,1,0,0,2,0,0,1
0,0,0,0,0,1,0,0,0,2,0,0,0,1
0,0,0,0,0,0,0,1,1,0,0,0,0,1
0,0,0,0,0,0,0,1,0,0,0,0,0,1
0,0,0,0,0,0,0,0,0,0,0,0,0,1
0,0,0,0,0,0,0,2,0,0,1,0,0,1
0,0,1,0,0,0,0,1,0,1,2,0,0,1
0,0,0,0,0,0,0,1,0,1,1,0,0,1
0,0,0,0,0,0,0,1,0,0,1,0,0,1
0,0,0,0,0,0,0,0,1,0,0,0,0,1
0,0,1,0,0,1,0,0,1,1,1,0,0,1
0,0,0,0,0,1,0,0,0,0,2,0,0,1
0,0,1,0,0,1,0,2,1,2,2,0,0,1
0,0,0,0,0,0,0,2,0,0,1,0,0,1
0,0,0,0,0,0,0,0,0,0,1,0,0,1
0,0,1,0,0,4,0,0,2,1,1,0,0,1
0,0,1,0,0,2,0,0,0,0,1,0,0,1
0,0,1,0,0,3,0,1,3,0,0,0,0,1
0,0,0,0,0,0,0,1,0,0,0,0,0,1
0,0,0,0,0,0,0,0,0,1,0,0,0,1
0,0,2,0,0,1,0,1,1,0,0,0,0,1
0,0,1,0,0,1,0,0,0,0,1,0,0,1
0,0,0,0,0,0,0,1,1,0,0,0,0,1
0,0,0,0,0,1,0,1,1,2,1,0,0,1
0,0,0,0,0,0,0,0,0,0,0,0,0,1
0,0,1,0,0,1,0,0,1,1,1,0,0,1
0,0,0,0,0,1,0,0,0,0,1,0,0,1
0,0,0,0,0,0,0,1,1,0,0,0,0,1
0,0,0,0,0,1,0,1,0,0,0,0,0,1
0,0,0,0,0,0,0,0,0,0,0,0,0,1
0,0,1,0,0,1,0,0,1,1,1,0,0,1
0,0,0,0,0,1,0,0,0,0,1,0,0,1
0,0,0,0,0,0,0,0,2,0,0,0,0,1
0,0,0,0,0,0,0,1,0,0,0,0,0,1
0,0,1,0,0,1,0,1,0,2,0,0,0,1
0,0,1,0,0,1,0,0,0,0,1,0,0,1
0,0,0,0,0,1,0,0,0,0,1,0,0,1
0,0,0,0,0,0,0,1,0,0,1,0,0,1
0,0,1,0,0,1,0,1,2,1,1,0,0,1
0,0,0,0,0,0,0,1,0,0,0,0,0,1
0,0,0,0,0,1,0,0,1,2,1,0,0,1
0,0,1,0,0,0,0,0,0,0,0,0,0,1
0,0,0,0,0,0,0,0,0,0,0,0,0,1
0,0,0,0,0,0,0,2,1,0,1,0,0,1
0,0,0,0,0,0,0,1,0,0,1,0,0,1
0,0,2,0,0,1,0,1,1,1,1,0,0,1
0,0,0,0,0,1,0,1,0,0,0,0,0,1
0,0,2,0,0,1,0,0,2,0,1,0,0,1
0,0,0,0,0,0,0,1,1,0,0,0,0,1
0,0,1,0,0,1,0,1,0,2,2,0,0,1
0,0,0,0,0,0,0,0,0,0,0,0,0,1
0,0,0,0,0,0,0,1,1,1,0,0,0,1
0,0,0,0,0,0,0,0,0,0,0,0,0,1
0,0,0,0,0,0,0,1,0,0,0,0,0,1
0,0,0,0,0,0,0,1,0,1,1,0,0,1
0,0,0,0,0,0,0,0,0,0,0,0,0,1
0,0,1,0,0,1,0,0,0,0,1,0,0,1
0,0,0,0,0,0,0,0,0,0,0,0,0,1
0,0,0,0,0,0,0,1,1,0,0,0,0,1
0,0,1,0,0,1,0,2,0,1,1,0,0,1
0,0,0,0,0,0,0,0,0,0,1,0,0,1
0,0,1,0,0,1,0,0,0,0,1,0,0,1
0,0,0,0,0,0,0,0,0,0,1,0,0,1
0,0,0,0,0,0,0,0,1,1,0,0,0,1
0,0,1,0,0,0,0,1,0,0,0,0,0,1
0,0,0,0,0,0,0,1,0,1,0,0,0,1
0,0,0,0,0,0,0,0,1,1,0,0,0,1
0,0,1,0,0,2,0,1,0,0,1,0,0,1
0,0,0,0,0,0,0,0,0,0,0,0,0,1
0,0,0,0,0,0,0,1,1,0,0,0,0,1
0,0,0,0,0,0,0,1,0,0,0,0,0,1
0,0,0,0,0,0,0,1,0,0,1,0,0,1
0,0,1,0,0,1,0,1,0,0,2,0,0,1
0,0,0,0,0,0,0,0,0,0,0,0,0,1
0,0,2,0,0,2,0,1,1,0,1,0,0,1
0,0,4,0,0,3,0,1,1,2,0,0,0,1
0,0,0,0,0,0,0,0,1,0,0,0,0,1
0,0,1,0,0,1,0,0,0,0,1,0,0,1
0,0,0,0,0,1,0,0,0,1,1,0,0,1
0,0,1,0,0,0,0,1,1,1,0,0,0,1
0,0,1,0,0,0,0,1,0,0,0,0,0,1
0,0,0,0,0,0,0,1,0,0,1,0,0,1
0,0,1,0,0,1,0,0,1,1,1,0,0,1
0,0,0,0,0,1,0,0,0,1,3,0,0,1
0,0,0,0,0,1,0,1,1,1,0,0,0,1
0,0,0,0,0,0,0,1,0,0,0,0,0,1
0,0,0,0,0,0,0,0,0,0,0,0,0,1
0,0,1,0,0,1,0,1,2,2,2,0,0,1
0,0,1,0,0,1,0,0,0,0,3,0,0,1
0,0,0,0,0,0,0,1,1,0,0,0,0,1
0,0,3,0,0,2,0,1,0,1,0,0,0,1
0,0,0,0,0,1,0,0,2,0,0,0,0,1
0,0,1,0,0,1,0,0,1,1,1,0,0,1
0,0,0,0,0,0,0,1,0,0,1,0,0,1
0,0,0,0,0,0,0,2,1,1,1,0,0,1
0,0,0,0,0,1,0,1,0,0,1,0,0,1
0,0,2,0,0,1,0,0,0,0,0,0,0,1
0,0,1,0,0,1,0,0,0,0,1,0,0,1
0,0,0,0,0,2,0,0,0,0,2,0,0,1
0,0,0,0,0,0,0,0,1,0,0,0,0,1
0,0,0,0,0,1,0,1,0,0,0,0,0,1
0,0,0,0,0,0,0,1,1,0,0,0,0,1
0,0,3,0,0,1,0,0,1,2,1,0,0,1
0,0,0,0,0,1,0,0,0,0,2,0,0,1
0,0,0,0,0,0,0,1,0,0,1,0,0,1
0,0,1,0,0,0,0,1,1,1,1,0,0,1
0,0,0,0,0,0,0,1,0,1,0,0,0,1
0,0,0,0,0,0,0,0,1,1,0,0,0,1
0,0,1,0,0,1,0,1,0,0,2,0,0,1
0,0,0,0,0,1,0,1,1,0,2,0,0,1
0,0,2,0,0,0,0,1,1,1,1,0,0,1
0,0,0,0,0,1,0,1,0,0,0,0,0,1
0,0,1,0,0,2,0,0,0,0,0,0,0,1
0,0,1,0,0,1,0,0,0,1,1,0,0,1
0,0,0,0,0,2,0,0,0,0,1,0,0,1
0,0,0,0,0,0,0,2,1,0,1,0,0,1
0,0,0,0,0,0,0,1,0,0,1,0,0,1
0,0,0,0,0,0,0,0,0,0,0,0,0,1
0,0,3,0,0,3,0,0,1,1,1,0,0,1
0,0,0,0,0,2,0,0,1,0,1,0,0,1
0,0,0,0,0,0,0,1,1,0,0,0,0,1
0,0,1,0,0,1,0,1,1,1,0,0,0,1
0,0,0,0,0,0,0,0,0,0,0,0,0,1
0,0,1,0,0,1,0,1,0,0,2,0,0,1
0,0,1,0,0,1,0,1,0,0,2,0,0,1
0,0,2,0,0,1,0,1,1,0,1,0,0,1
0,0,0,0,0,1,0,1,0,0,0,0,0,1
0,0,2,0,0,1,0,0,1,1,0,0,0,1
0,0,1,0,0,1,0,0,2,3,1,0,0,1
0,0,1,0,0,1,0,0,0,0,1,0,0,1
0,0,0,0,0,0,0,1,1,1,0,0,0,1
0,0,0,0,0,0,0,1,0,0,1,0,0,1
0,0,1,0,0,0,0,1,0,1,1,0,0,1
0,0,1,0,0,1,0,1,1,1,2,0,0,1
0,0,2,0,0,1,0,0,0,0,0,0,0,1
0,0,0,0,0,1,0,0,0,0,0,0,0,1
0,0,0,0,0,0,0,1,1,0,0,0,0,1
0,0,0,0,0,0,0,2,0,1,1,0,0,1
0,0,1,0,0,1,0,1,1,1,2,0,0,1
0,0,0,0,0,1,0,0,0,0,2,0,0,1
0,0,2,0,0,2,0,0,0,0,0,0,0,1
0,0,0,0,0,2,0,1,1,0,0,0,0,1
0,0,0,0,0,0,0,1,0,0,0,0,0,1
0,0,0,0,0,0,0,0,0,1,0,0,0,1
0,0,0,0,0,0,0,1,0,0,0,0,0,1
0,0,0,0,0,0,0,1,0,0,1,0,0,1
0,0,0,0,0,0,0,1,0,0,1,0,0,1
0,0,0,0,0,0,0,1,1,1,1,0,0,1
0,0,0,0,0,0,0,0,0,0,1,0,0,1
0,0,0,0,0,0,0,1,1,1,0,0,0,1
0,0,1,0,0,2,0,0,0,0,1,0,0,1
0,0,0,0,0,1,0,1,1,0,1,0,0,1
0,0,0,0,0,1,0,2,0,0,2,0,0,1
0,0,0,0,0,0,0,1,0,0,1,0,0,1
0,0,1,0,0,1,0,0,0,0,2,0,0,1
0,0,0,0,0,3,0,0,1,0,1,0,0,1
0,0,0,0,0,1,0,1,1,0,0,0,0,1
0,0,1,0,0,2,0,1,1,1,0,0,0,1
0,0,0,0,0,0,0,0,0,0,0,0,0,1
0,0,0,0,0,0,0,2,3,2,1,0,0,1
0,0,3,0,0,2,0,0,1,0,2,0,0,1
0,0,0,0,0,1,0,1,1,1,0,0,0,1
0,0,2,0,0,2,0,1,0,0,0,0,0,1
0,0,1,0,0,2,0,0,0,2,0,0,0,1
0,0,1,0,0,1,0,0,3,1,1,0,0,1
0,0,0,0,0,1,0,0,0,1,2,0,0,1
0,0,0,0,0,0,0,0,1,0,0,0,0,1
1,0,1,0,0,1,0,2,0,1,1,0,0,1
0,0,0,0,0,0,0,2,0,0,1,0,0,1
0,0,0,0,0,1,0,0,1,1,1,0,0,1
0,0,1,0,0,2,0,1,0,0,2,0,0,1
0,0,0,0,0,1,0,0,0,0,0,0,0,1
0,0,0,0,0,1,0,1,2,0,0,0,0,1
0,0,1,0,0,1,0,1,0,1,0,0,0,1
0,0,2,0,0,1,0,0,1,0,0,0,0,1
0,0,0,0,0,0,0,1,0,0,0,0,0,1
0,0,1,0,0,2,0,0,0,0,2,0,0,1
0,0,0,0,0,0,0,1,1,1,0,0,0,1
0,0,0,0,0,2,0,1,0,0,1,0,0,1
0,0,0,0,0,0,0,0,0,0,0,0,0,1
0,0,1,0,0,1,0,0,2,2,1,0,0,1
0,0,0,0,0,1,0,0,0,0,2,0,0,1
0,0,2,0,0,1,0,2,2,0,1,0,0,1
0,0,0,0,0,0,0,1,0,0,1,0,0,1
0,0,0,0,0,0,0,0,0,0,0,0,0,1
0,0,2,0,0,2,0,1,0,0,0,0,0,1
1,0,1,0,0,3,0,0,2,0,2,0,0,1
0,0,0,0,0,0,0,1,1,0,0,0,0,1
0,0,0,0,0,0,0,1,1,0,0,0,0,1
0,0,0,0,0,1,0,1,0,0,1,0,0,1
0,0,1,0,0,2,0,1,0,0,2,0,0,1
0,0,0,0,0,1,0,0,0,0,3,0,0,1
0,0,2,0,0,2,0,1,2,0,0,0,0,1
0,0,1,0,0,1,0,1,1,1,0,0,0,1
0,0,0,0,0,1,0,0,2,1,0,0,0,1
0,0,1,0,0,1,0,0,1,2,1,0,0,1
0,0,0,0,0,0,0,0,0,0,0,0,0,1
0,0,0,0,0,0,0,0,1,1,0,0,0,1
0,0,0,0,0,1,0,1,0,0,0,0,0,1
0,0,1,0,0,0,0,2,0,1,1,0,0,1
0,0,0,0,0,0,0,0,0,0,1,0,0,1
0,0,1,0,0,1,0,1,1,1,1,0,0,1
0,0,0,0,0,0,0,0,0,1,0,0,0,1
0,0,0,0,0,1,0,1,1,1,1,0,0,1
0,0,0,0,0,0,0,1,1,0,0,0,0,1
0,0,0,0,0,0,0,0,1,1,0,0,0,1
0,0,1,0,0,2,0,1,0,0,1,0,0,1
0,0,0,0,0,0,0,0,0,0,0,0,0,1
0,0,0,0,0,1,0,1,1,0,1,0,0,1
0,0,1,0,0,0,0,1,0,1,0,0,0,1
0,0,0,0,0,0,0,0,0,0,0,0,0,1
0,0,0,0,0,0,0,1,0,0,0,0,0,1
0,0,1,0,0,0,0,0,0,0,0,0,0,1
0,0,0,0,0,0,0,1,0,0,0,0,0,1
0,0,1,0,0,0,0,2,0,2,2,0,0,1
0,0,0,0,0,0,0,0,0,0,1,0,0,1
0,0,0,0,0,0,0,1,0,0,0,0,0,1
0,0,1,0,0,1,0,0,0,1,1,0,0,1
0,0,0,0,0,0,0,2,1,0,1,0,0,1
0,0,0,0,0,1,0,1,0,0,2,0,0,1
0,0,0,0,0,1,0,0,0,0,0,0,0,1
0,0,2,0,0,1,0,1,0,0,0,0,0,1
0,0,0,0,0,1,0,0,0,0,0,0,0,1
0,0,0,0,0,0,0,1,0,0,0,0,0,1
0,0,0,0,0,0,0,1,0,0,0,0,0,1
0,0,0,0,0,0,0,0,0,0,0,0,0,1
0,0,0,0,0,0,0,1,1,2,1,0,0,1
0,0,2,0,0,1,0,0,0,0,1,0,0,1
0,0,0,0,0,0,0,1,1,0,0,0,0,1
0,0,0,0,0,0,0,1,0,0,0,0,0,1
0,0,0,0,0,0,0,0,0,0,0,0,0,1
0,0,1,0,0,1,0,0,0,0,1,0,0,1
0,0,0,0,0,1,0,0,0,0,2,0,0,1
0,0,0,0,0,0,0,0,1,0,0,0,0,1
0,0,1,0,0,0,0,2,0,1,1,0,0,1
0,0,1,0,0,0,0,1,0,0,1,0,0,1
0,0,0,0,0,0,0,0,2,1,0,0,0,1
0,0,0,0,0,0,0,1,0,0,1,0,0,1
0,0,0,0,0,0,0,0,0,1,0,0,0,1
0,0,0,0,0,0,0,1,0,2,2,0,0,1
0,0,0,0,0,1,0,1,0,0,0,0,0,1
0,0,0,0,0,0,0,0,0,0,0,0,0,1
0,0,1,0,0,1,0,0,0,0,1,0,0,1
0,0,0,0,0,1,0,1,0,0,2,0,0,1
0,0,1,0,0,2,0,1,2,1,1,0,0,1
0,0,0,0,0,0,0,1,0,0,0,0,0,1
0,0,0,0,0,0,0,0,0,0,1,0,0,1
0,0,2,0,0,0,0,1,0,1,0,0,0,1
0,0,1,0,0,2,0,1,0,0,3,0,0,1
0,0,0,0,0,0,0,2,1,1,1,0,0,1
0,0,0,0,0,1,0,1,0,0,2,0,0,1
0,0,0,0,0,1,0,0,0,0,0,0,0,1
0,0,2,0,0,2,0,1,3,2,0,0,0,1
0,0,1,0,0,2,0,0,0,0,2,0,0,1
0,0,0,0,0,0,0,1,1,0,0,0,0,1
0,0,0,0,0,0,0,2,0,0,1,0,0,1
0,0,0,0,0,1,0,1,0,0,1,0,0,1
0,0,1,0,0,1,0,0,1,1,2,0,0,1
0,0,0,0,0,3,0,0,1,0,2,0,0,1
0,0,0,0,0,0,0,1,1,0,0,0,0,1
0,0,1,0,0,2,0,1,0,1,0,0,0,1
0,0,0,0,0,0,0,0,0,0,0,0,0,1
0,0,2,0,0,1,0,1,1,2,2,0,0,1
0,0,0,0,0,1,0,0,0,0,1,0,0,1
0,0,0,0,0,0,0,1,2,0,1,0,0,1
0,0,3,0,0,2,0,1,0,1,1,0,0,1
0,0,0,0,0,1,0,1,1,0,0,0,0,1
0,0,2,0,0,2,0,0,1,0,0,0,0,1
0,0,1,0,0,2,0,1,0,0,2,0,0,1
0,0,0,0,0,0,0,0,0,0,0,0,0,1
0,0,0,0,0,1,0,1,1,1,1,0,0,1
0,0,1,0,0,1,0,2,0,0,1,0,0,1
0,0,0,0,0,0,0,0,1,1,1,0,0,1
0,0,0,0,0,0,0,1,0,0,0,0,0,1
0,0,3,0,0,3,0,0,1,1,1,0,0,1
0,0,0,0,0,1,0,1,2,0,0,0,0,1
0,0,1,0,0,2,0,1,0,1,1,0,0,1
0,0,0,0,0,0,0,0,0,2,0,0,0,1
0,0,3,0,0,2,0,1,1,0,2,0,0,1
0,0,0,0,0,1,0,0,0,0,3,0,0,1
0,0,0,0,0,1,0,2,1,1,1,0,0,1
0,0,1,0,0,0,0,1,0,1,0,0,0,1
0,0,1,0,0,0,0,0,0,0,1,0,0,1
0,0,1,0,0,2,0,0,2,2,1,0,0,1
0,0,0,0,0,0,0,0,0,0,0,0,0,1
0,0,0,0,0,0,0,2,1,0,1,0,0,1
0,0,0,0,0,0,0,1,0,0,1,0,0,1
0,0,2,0,0,2,0,0,0,0,0,0,0,1
0,0,1,0,0,1,0,0,1,1,1,0,0,1
0,0,0,0,0,1,0,0,0,0,1,0,0,1
0,0,0,0,0,0,0,1,1,1,0,0,0,1
0,0,0,0,0,1,0,1,0,0,0,0,0,1
0,0,0,0,0,0,0,1,0,0,1,0,0,1
0,0,1,0,0,1,0,0,1,1,2,0,0,1
0,0,0,0,0,0,0,0,0,0,0,0,0,1
0,0,2,0,0,2,0,0,1,0,0,0,0,1
0,0,0,0,0,1,0,1,0,0,0,0,0,1
0,0,0,0,0,0,0,1,0,1,0,0,0,1
0,0,1,0,0,1,0,0,1,1,1,0,0,1
0,0,0,0,0,1,0,1,0,0,3,0,0,1
0,0,0,0,0,0,0,0,0,0,1,0,0,1
0,0,0,0,0,0,0,1,1,0,0,0,0,1
0,0,2,0,0,2,0,1,0,0,0,0,0,1
0,0,1,0,0,1,0,0,0,0,1,0,0,1
0,0,0,0,0,1,0,0,2,0,1,0,0,1
0,0,0,0,0,0,0,0,0,1,0,0,0,1
0,0,1,0,0,1,0,1,2,1,0,0,0,1
0,0,0,0,0,0,0,2,0,1,1,0,0,1
0,0,0,0,0,0,0,1,0,0,1,0,0,1
0,0,0,0,0,0,0,1,0,0,1,0,0,1
0,0,1,0,0,2,0,0,0,0,1,0,0,1
0,0,0,0,0,0,0,1,1,0,0,0,0,1
0,0,1,0,0,2,0,1,0,1,1,0,0,1
0,0,0,0,0,0,0,0,0,0,0,0,0,1
0,0,0,0,0,0,0,2,0,0,1,0,0,1
0,0,2,0,0,1,0,0,0,0,2,0,0,1
0,0,1,0,0,0,0,1,1,0,0,0,0,1
0,0,3,0,0,5,0,1,1,2,1,0,0,1
0,0,1,0,0,1,0,0,0,1,0,0,0,1
0,0,1,0,0,1,0,0,2,0,1,0,0,1
0,0,0,0,0,0,0,0,0,1,0,0,0,1
0,0,0,0,0,0,0,1,1,0,0,0,0,1
0,0,1,0,0,1,0,1,0,2,0,0,0,1
0,0,1,0,0,0,0,0,0,1,0,0,0,1
0,0,1,0,0,1,0,1,1,1,2,0,0,1
0,0,0,0,0,1,0,0,0,0,2,0,0,1
0,0,2,0,0,1,0,0,2,0,0,0,0,1
0,0,0,0,0,0,0,1,0,0,1,0,0,1
0,0,1,0,0,0,0,1,0,2,0,0,0,1
0,0,0,0,0,0,0,1,1,1,1,0,0,1
0,0,1,0,0,1,0,1,0,0,2,0,0,1
0,0,0,0,0,0,0,0,0,0,1,0,0,1
0,0,0,0,0,1,0,1,1,0,2,0,0,1
0,0,1,0,0,1,0,1,0,1,0,0,0,1
0,0,0,0,0,1,0,0,0,1,0,0,0,1
0,0,0,0,0,0,0,1,0,0,0,0,0,1
0,0,1,0,0,1,0,1,0,0,2,0,0,1
0,0,0,0,0,0,0,1,1,0,1,0,0,1
0,0,0,0,0,1,0,1,0,0,1,0,0,1
0,0,0,0,0,2,0,0,2,1,0,0,0,1
0,0,1,0,0,1,0,0,0,0,1,0,0,1
0,0,0,0,0,1,0,0,1,0,1,0,0,1
0,0,0,0,0,0,0,1,1,0,0,0,0,1
0,0,0,0,0,0,0,1,0,0,0,0,0,1
0,0,0,0,0,0,0,1,0,0,1,0,0,1
0,0,1,0,0,1,0,0,0,0,2,0,0,1
0,0,0,0,0,1,0,0,0,0,2,0,0,1
0,0,2,0,0,1,0,1,1,0,0,0,0,1
0,0,3,0,0,2,0,1,2,1,0,0,0,1
0,0,0,0,0,0,0,0,0,0,0,0,0,1
0,0,1,0,0,1,0,0,1,2,1,0,0,1
0,0,0,0,0,0,0,0,0,2,0,0,0,1
0,0,0,0,0,0,0,1,2,0,0,0,0,1
0,0,0,0,0,0,0,1,0,0,0,0,0,1
0,0,0,0,0,0,0,1,0,0,1,0,0,1
0,0,1,0,0,2,0,0,1,1,2,0,0,1
0,0,1,0,0,1,0,0,0,0,1,0,0,1
0,0,0,0,0,0,0,0,1,1,0,0,0,1
0,0,0,0,0,0,0,1,0,0,0,0,0,1
0,0,0,0,0,0,0,1,0,0,0,0,0,1
0,0,1,0,0,1,0,0,1,1,1,0,0,1
0,0,0,0,0,1,0,1,0,0,3,0,0,1
0,0,0,0,0,0,0,0,0,0,1,0,0,1
0,0,1,0,0,1,0,1,1,1,0,0,0,1
0,0,0,0,0,0,0,1,0,1,0,0,0,1
0,0,0,0,0,0,0,0,1,2,0,0,0,1
0,0,0,0,0,0,0,2,0,0,1,0,0,1
0,0,1,0,0,1,0,1,0,0,2,0,0,1
0,0,2,0,0,1,0,1,1,0,1,0,0,1
0,0,1,0,0,3,0,1,0,1,2,0,0,1
0,0,0,0,0,1,0,0,0,0,0,0,0,1
0,0,0,0,0,0,0,1,2,0,0,0,0,1
0,0,1,0,0,2,0,0,0,0,2,0,0,1
0,0,0,0,0,0,0,1,1,1,0,0,0,1
0,0,1,0,0,1,0,1,0,0,1,0,0,1
0,0,1,0,0,1,0,0,0,1,0,0,0,1
0,0,1,0,0,0,0,1,0,1,0,0,0,1
0,0,0,0,0,0,0,0,0,0,0,0,0,1
0,0,0,0,0,0,0,1,0,0,0,0,0,1
0,0,0,0,0,0,0,1,0,1,1,0,0,1
0,0,0,0,0,0,0,1,0,0,1,0,0,1
0,0,0,0,0,0,0,1,0,0,1,0,0,1
0,0,1,0,0,1,0,0,0,0,1,0,0,1
0,0,0,0,0,0,0,0,1,0,1,0,0,1
0,0,0,0,0,1,0,1,0,0,0,0,0,1
0,0,1,0,0,1,0,1,1,1,0,0,0,1
0,0,0,0,0,1,0,0,1,1,0,0,0,1
0,0,1,0,0,1,0,1,0,0,1,0,0,1
0,0,0,0,0,0,0,0,0,0,0,0,0,1
0,0,0,0,0,1,0,2,1,0,2,0,0,1
0,0,2,0,0,1,0,1,0,2,1,0,0,1
0,0,0,0,0,0,0,0,1,1,0,0,0,1
0,0,1,0,0,1,0,1,0,0,2,0,0,1
0,0,0,0,0,1,0,0,1,0,0,0,0,1
0,0,0,0,0,2,0,1,1,0,1,0,0,1
0,0,0,0,0,1,0,2,0,0,1,0,0,1
0,0,0,0,0,0,0,1,1,1,1,0,0,1
0,0,1,0,0,1,0,0,0,0,2,0,0,1
0,0,2,0,0,3,0,0,0,0,1,0,0,1
0,0,0,0,0,2,0,1,1,0,0,0,0,1
0,0,0,0,0,0,0,1,0,1,0,0,0,1
0,0,1,0,0,0,0,0,0,1,0,0,0,1
0,0,0,0,0,0,0,1,1,1,0,0,0,1
0,0,1,0,0,0,0,1,0,1,1,0,0,1
0,0,2,0,0,1,0,1,1,0,1,0,0,1
0,0,0,0,0,0,0,1,0,0,0,0,0,1
0,0,0,0,0,0,0,0,0,0,1,0,0,1
0,0,1,0,0,2,0,0,1,2,1,0,0,1
0,0,0,0,0,1,0,0,0,0,2,0,0,1
0,0,0,0,0,1,0,1,1,1,1,0,0,1
0,0,2,0,0,2,0,2,1,0,1,0,0,1
0,0,0,0,0,0,0,0,0,0,1,0,0,1
0,0,2,0,0,1,0,1,0,0,0,0,0,1
0,0,3,0,0,3,0,0,1,2,2,0,0,1
0,0,0,0,0,0,0,1,1,0,0,0,0,1
0,0,0,0,0,1,0,1,3,1,2,0,0,1
0,0,0,0,0,0,0,0,0,1,0,0,0,1
0,0,1,0,0,1,0,1,2,3,2,0,0,1
0,0,0,0,0,1,0,1,0,1,1,0,0,1
0,0,0,0,0,0,0,0,1,0,1,0,0,1
0,0,2,0,0,3,0,1,0,0,0,0,0,1
0,0,0,0,0,1,0,1,0,0,0,0,0,1
0,0,1,0,0,2,0,0,3,1,1,0,0,1
0,0,0,0,0,1,0,0,0,0,1,0,0,1
0,0,0,0,0,0,0,1,0,0,1,0,0,1
0,0,0,0,0,1,0,1,1,1,1,0,0,1
0,0,0,0,0,0,0,1,0,0,0,0,0,1
0,0,0,0,0,1,0,0,0,0,0,0,0,1
0,0,0,0,0,1,0,1,0,0,0,0,0,1
0,0,0,0,0,0,0,0,0,0,0,0,0,1
0,0,0,0,0,0,0,1,0,0,0,0,0,1
0,0,0,0,0,0,0,1,1,2,2,0,0,1
0,0,0,0,0,0,0,1,0,0,1,0,0,1
0,0,0,0,0,0,0,2,1,1,1,0,0,1
0,0,1,0,0,2,0,0,0,0,1,0,0,1
0,0,2,0,0,2,0,1,1,0,1,0,0,1
0,0,0,0,0,2,0,1,0,0,1,0,0,1
0,0,1,0,0,1,0,0,2,1,0,0,0,1
0,0,0,0,0,0,0,1,0,0,0,0,0,1
0,0,1,0,0,2,0,0,0,0,2,0,0,1
0,0,0,0,0,0,0,1,1,0,0,0,0,1
0,0,0,0,0,1,0,1,0,0,1,0,0,1
0,0,1,0,0,0,0,1,1,1,1,0,0,1
0,0,0,0,0,0,0,1,2,2,1,0,0,1
0,0,1,0,0,1,0,0,0,0,1,0,0,1
0,0,0,0,0,0,0,1,1,0,1,0,0,1
0,0,0,0,0,1,0,1,0,0,2,0,0,1
0,0,0,0,0,1,0,1,0,0,1,0,0,1
0,0,1,0,0,1,0,0,0,0,2,0,0,1
0,0,0,0,0,0,0,1,0,0,2,0,0,1
0,0,0,0,0,1,0,1,1,0,0,0,0,1
0,0,1,0,0,1,0,1,1,0,0,0,0,1
0,0,0,0,0,1,0,0,0,0,0,0,0,1
0,0,1,0,0,1,0,0,2,2,1,0,0,1
0,0,0,0,0,1,0,0,0,0,1,0,0,1
0,0,0,0,0,0,0,0,1,0,0,0,0,1
0,0,1,0,0,0,0,1,0,1,0,0,0,1
0,0,0,0,0,0,0,1,0,0,1,0,0,1
0,0,0,0,0,0,0,0,0,0,0,0,0,1
0,0,1,0,0,1,0,1,0,0,1,0,0,1
0,0,0,0,0,0,0,0,0,0,0,0,0,1
0,0,0,0,0,1,0,2,1,0,2,0,0,1
0,0,0,0,0,1,0,2,0,0,1,0,0,1
0,0,0,0,0,0,0,0,0,0,1,0,0,1
0,0,0,0,0,0,0,1,1,1,0,0,0,1
0,0,0,0,0,0,0,0,0,0,1,0,0,1
0,0,0,0,0,0,0,1,0,0,0,0,0,1
0,0,0,0,0,0,0,1,0,1,1,0,0,1
0,0,1,0,0,1,0,1,0,0,1,0,0,1
0,0,1,0,0,1,0,0,1,1,1,0,0,1
0,0,0,0,0,0,0,1,0,0,1,0,0,1
0,0,1,0,0,1,0,1,1,1,1,0,0,1
0,0,0,0,0,2,0,1,1,0,0,0,0,1
0,0,0,0,0,1,0,0,0,0,0,0,0,1
0,0,1,0,0,1,0,0,0,0,2,0,0,1
0,0,0,0,0,0,0,0,0,0,0,0,0,1
0,0,0,0,0,0,0,2,1,0,1,0,0,1
0,0,0,0,0,1,0,2,0,0,1,0,0,1
0,0,0,0,0,0,0,0,0,0,1,0,0,1
0,0,2,0,0,3,0,1,1,0,0,0,0,1
0,0,1,0,0,2,0,0,0,0,2,0,0,1
0,0,2,0,0,1,0,1,2,1,0,0,0,1
0,0,0,0,0,1,0,1,1,0,1,0,0,1
0,0,0,0,0,1,0,1,0,0,1,0,0,1
0,0,0,0,0,0,0,1,1,2,1,0,0,1
0,0,1,0,0,2,0,0,0,1,1,0,0,1
0,0,2,0,0,2,0,0,1,0,0,0,0,1
0,0,0,0,0,1,0,1,0,0,2,0,0,1
0,0,1,0,0,1,0,1,2,1,0,0,0,1
0,0,1,0,0,1,0,0,0,0,1,0,0,1
0,0,0,0,0,1,0,0,1,0,1,0,0,1
0,0,0,0,0,0,0,0,0,1,0,0,0,1
0,0,1,0,0,1,0,2,1,1,1,0,0,1
0,0,0,0,0,0,0,1,0,0,1,0,0,1
0,0,1,0,0,2,0,0,1,1,1,0,0,1
0,0,0,0,0,0,0,0,0,0,0,0,0,1
0,0,0,0,0,0,0,0,1,0,0,0,0,1
0,0,0,0,0,1,0,1,1,0,0,0,0,1
0,0,1,0,0,1,0,2,0,1,1,0,0,1
0,0,0,0,0,0,0,0,0,0,1,0,0,1
0,0,0,0,0,0,0,1,0,0,0,0,0,1
0,0,3,0,0,4,0,0,1,0,2,0,0,1
0,0,0,0,0,0,0,1,1,0,0,0,0,1
0,0,2,0,0,1,0,1,1,1,1,0,0,1
0,0,0,0,0,0,0,0,0,0,0,0,0,1
0,0,1,0,0,1,0,0,1,1,1,0,0,1
0,0,0,0,0,2,0,0,0,0,1,0,0,1
0,0,1,0,0,0,0,1,1,0,0,0,0,1
0,0,1,0,0,1,0,2,0,1,1,0,0,1
0,0,0,0,0,0,0,0,0,1,1,0,0,1
0,0,3,0,0,2,0,0,2,1,1,0,0,1
0,0,0,0,0,1,0,0,0,0,2,0,0,1
0,0,0,0,0,0,0,1,1,2,0,0,0,1
0,0,0,0,0,1,0,1,0,0,0,0,0,1
0,0,0,0,0,0,0,1,0,0,1,0,0,1
0,0,0,0,0,0,0,1,1,1,1,0,0,1
0,0,1,0,0,1,0,0,0,0,2,0,0,1
0,0,0,0,0,0,0,0,1,0,1,0,0,1
0,0,0,0,0,2,0,1,1,1,1,0,0,1
0,0,0,0,0,2,0,1,0,0,0,0,0,1
0,0,1,0,0,0,0,1,1,2,1,0,0,1
0,0,0,0,0,0,0,1,0,0,1,0,0,1
0,0,0,0,0,0,0,0,0,0,0,0,0,1
0,0,0,0,0,0,0,1,0,1,2,0,0,1
0,0,0,0,0,1,0,1,0,0,0,0,0,1
0,0,0,0,0,0,0,0,0,0,0,0,0,1
0,0,0,0,0,0,0,1,0,0,0,0,0,1
0,0,0,0,0,0,0,1,0,0,1,0,0,1
0,0,0,0,0,0,0,1,0,0,1,0,0,1
0,0,2,0,0,1,0,1,1,0,0,0,0,1
0,0,2,0,0,1,0,0,0,0,0,0,0,1
0,0,0,0,0,2,0,1,1,0,0,0,0,1
0,0,2,0,0,2,0,0,2,3,2,0,0,1
0,0,0,0,0,0,0,1,1,1,0,0,0,1
0,0,0,0,0,1,0,1,0,0,2,0,0,1
0,0,0,0,0,0,0,0,0,0,0,0,0,1
0,0,1,0,0,1,0,1,1,1,2,0,0,1
0,0,0,0,0,1,0,0,0,0,2,0,0,1
0,0,0,0,0,0,0,2,1,0,1,0,0,1
0,0,5,0,0,2,0,1,1,1,0,0,0,1
0,0,2,0,0,1,0,0,3,0,0,0,0,1
0,0,1,0,0,2,0,0,1,1,1,0,0,1
0,0,0,0,0,0,0,0,0,1,0,0,0,1
0,0,0,0,0,0,0,0,1,1,0,0,0,1
0,0,1,0,0,0,0,1,0,1,0,0,0,1
0,0,0,0,0,0,0,2,1,0,1,0,0,1
0,0,0,0,0,0,0,0,1,1,1,0,0,1
0,0,0,0,0,0,0,1,0,0,0,0,0,1
0,0,0,0,0,0,0,0,0,1,0,0,0,1
0,0,0,0,0,0,0,1,0,0,0,0,0,1
0,0,0,0,0,0,0,1,0,1,1,0,0,1
0,0,0,0,0,0,0,1,0,0,1,0,0,1
0,0,0,0,0,0,0,1,0,0,1,0,0,1
0,0,0,0,0,0,0,0,0,0,0,0,0,1
0,0,1,0,0,0,0,1,0,0,1,0,0,1
0,0,0,0,0,0,0,1,0,1,1,0,0,1
0,0,0,0,0,0,0,0,0,0,0,0,0,1
0,0,0,0,0,0,0,2,0,1,1,0,0,1
0,0,1,0,0,1,0,0,0,0,3,0,0,1
0,0,0,0,0,0,0,1,1,0,0,0,0,1
0,0,0,0,0,2,0,1,0,0,0,0,0,1
0,0,1,0,0,1,0,0,0,1,0,0,0,1
0,0,0,0,0,0,0,1,0,0,0,0,0,1
0,0,1,0,0,1,0,0,0,0,1,0,0,1
0,0,0,0,0,0,0,1,1,0,1,0,0,1
0,0,0,0,0,0,0,1,0,0,1,0,0,1
0,0,0,0,0,1,0,1,0,0,0,0,0,1
0,0,1,0,0,2,0,0,1,1,1,0,0,1
0,0,0,0,0,1,0,0,1,1,0,0,0,1
0,0,0,0,0,1,0,0,1,0,0,0,0,1
0,0,0,0,0,0,0,1,1,0,0,0,0,1
0,0,0,0,0,0,0,1,0,0,0,0,0,1
0,0,3,0,0,2,0,0,1,0,1,0,0,1
0,0,0,0,0,1,0,0,0,0,1,0,0,1
0,0,0,0,0,0,0,0,0,0,0,0,0,1
0,0,1,0,0,1,0,1,2,1,0,0,0,1
0,0,0,0,0,0,0,1,0,0,0,0,0,1
0,0,0,0,0,0,0,0,0,0,0,0,0,1
0,0,0,0,0,0,0,1,1,0,0,0,0,1
0,0,0,0,0,0,0,0,0,0,0,0,0,1
0,0,0,0,0,0,0,2,0,1,1,0,0,1
0,0,0,0,0,0,0,1,0,2,3,0,0,1
0,0,0,0,0,0,0,1,0,0,1,0,0,1
0,0,3,0,0,2,0,0,1,1,1,0,0,1
0,0,0,0,0,1,0,0,0,0,1,0,0,1
0,0,0,0,0,0,0,1,1,0,0,0,0,1
0,0,3,0,0,1,0,2,0,2,1,0,0,1
0,0,0,0,0,0,0,1,0,0,1,0,0,1
0,0,0,0,0,0,0,1,0,0,1,0,0,1
0,0,4,0,0,3,0,0,0,0,1,0,0,1
0,0,0,0,0,0,0,1,1,0,0,0,0,1
0,0,0,0,0,2,0,1,0,1,2,0,0,1
0,0,0,0,0,1,0,0,0,0,0,0,0,1
0,0,1,0,0,1,0,0,1,1,1,0,0,1
0,0,2,0,0,1,0,1,1,0,3,0,0,1
0,0,1,0,0,0,0,0,1,0,1,0,0,1
0,0,1,0,0,0,0,1,0,3,0,0,0,1
0,0,2,0,0,1,0,1,0,0,0,0,0,1
0,0,1,0,0,1,0,0,1,2,1,0,0,1
0,0,0,0,0,1,0,0,0,0,2,0,0,1
0,0,0,0,0,0,0,0,0,0,0,0,0,1
0,0,1,0,0,0,0,2,1,1,1,0,0,1
0,0,1,0,0,0,0,2,0,0,1,0,0,1
0,0,0,0,0,0,0,0,1,1,1,0,0,1
0,0,2,0,0,2,0,1,0,0,0,0,0,1
0,0,1,0,0,3,0,0,0,1,2,0,0,1
0,0,0,0,0,0,0,1,3,0,0,0,0,1
0,0,1,0,0,2,0,1,0,1,2,0,0,1
0,0,0,0,0,0,0,0,0,0,0,0,0,1
0,0,0,0,0,0,0,2,1,1,1,0,0,1
0,0,0,0,0,0,0,0,0,0,1,0,0,1
0,0,0,0,0,0,0,1,0,0,0,0,0,1
0,0,2,0,0,2,0,1,1,2,2,0,0,1
0,0,0,0,0,0,0,0,2,0,0,0,0,1
0,0,1,0,0,1,0,0,0,0,1,0,0,1
0,0,0,0,0,1,0,0,0,1,2,0,0,1
0,0,0,0,0,0,0,1,1,0,0,0,0,1
0,0,0,0,0,1,0,1,0,0,0,0,0,1
0,0,0,0,0,0,0,0,0,0,0,0,0,1
0,0,0,0,0,0,0,1,1,1,0,0,0,1
0,0,4,0,0,2,0,0,1,0,2,0,0,1
0,0,0,0,0,0,0,1,1,0,0,0,0,1
0,0,0,0,0,1,0,1,0,0,2,0,0,1
0,0,0,0,0,1,0,1,0,2,1,0,0,1
0,0,0,0,0,0,0,0,1,1,1,0,0,1
0,0,1,0,0,2,0,1,0,0,2,0,0,1
0,0,0,0,0,1,0,0,1,0,0,0,0,1
0,0,0,0,0,0,0,1,0,0,0,0,0,1
0,0,1,0,0,1,0,1,1,1,0,0,0,1
0,0,0,0,0,0,0,0,0,0,0,0,0,1
0,0,1,0,0,1,0,1,0,0,1,0,0,1
0,0,2,0,0,1,0,1,1,0,1,0,0,1
0,0,0,0,0,1,0,2,1,0,2,0,0,1
0,0,0,0,0,2,0,1,0,0,1,0,0,1
0,0,0,0,0,1,0,0,0,1,0,0,0,1
0,0,1,0,0,2,0,0,0,0,1,0,0,1
0,0,0,0,0,1,0,0,0,0,2,0,0,1
0,0,0,0,0,0,0,1,1,0,0,0,0,1
0,0,0,0,0,0,0,1,0,0,0,0,0,1
0,0,0,0,0,0,0,0,0,0,0,0,0,1
0,0,1,0,0,1,0,0,1,1,1,0,0,1
0,0,0,0,0,1,0,0,0,0,1,0,0,1
0,0,0,0,0,0,0,1,2,0,0,0,0,1
0,0,0,0,0,1,0,1,0,0,0,0,0,1
0,0,0,0,0,0,0,0,0,0,0,0,0,1
0,0,0,0,0,1,0,2,1,1,1,0,0,1
0,0,1,0,0,1,0,0,0,0,2,0,0,1
0,0,0,0,0,0,0,1,1,0,0,0,0,1
0,0,0,0,0,1,0,1,1,0,2,0,0,1
0,0,1,0,0,1,0,0,0,1,0,0,0,1
0,0,2,0,0,1,0,1,4,2,0,0,0,1
0,0,1,0,0,3,0,0,0,1,1,0,0,1
0,0,0,0,0,0,0,1,1,1,0,0,0,1
0,0,0,0,0,0,0,2,0,0,1,0,0,1
0,0,1,0,0,1,0,1,0,1,1,0,0,1
0,0,1,0,0,1,0,0,0,0,2,0,0,1
0,0,0,0,0,2,0,0,0,0,2,0,0,1
0,0,0,0,0,0,0,0,1,0,0,0,0,1
0,0,1,0,0,0,0,1,0,1,0,0,0,1
0,0,0,0,0,0,0,1,0,0,0,0,0,1
0,0,0,0,0,0,0,0,1,1,0,0,0,1
0,0,2,0,0,1,0,0,0,1,1,0,0,1
0,0,0,0,0,1,0,0,0,0,1,0,0,1
0,0,0,0,0,0,0,1,1,0,1,0,0,1
0,0,0,0,0,0,0,1,0,0,1,0,0,1
0,0,0,0,0,0,0,1,0,0,0,0,0,1
0,0,1,0,0,1,0,0,1,1,2,0,0,1
0,0,0,0,0,1,0,1,0,1,2,0,0,1
0,0,0,0,0,0,0,0,0,0,1,0,0,1
0,0,0,0,0,0,0,1,1,1,0,0,0,1
0,0,2,0,0,2,0,1,0,0,0,0,0,1
0,0,0,0,0,0,0,0,0,0,0,0,0,1
0,0,2,0,0,0,0,1,1,0,0,0,0,1
0,0,1,0,0,1,0,0,0,0,1,0,0,1
0,0,0,0,0,0,0,1,2,1,0,0,0,1
0,0,1,0,0,0,0,2,0,1,1,0,0,1
0,0,1,0,0,0,0,0,0,0,1,0,0,1
0,0,2,0,0,2,0,1,0,0,0,0,0,1
0,0,1,0,0,1,0,0,0,0,1,0,0,1
0,0,0,0,0,0,0,1,1,1,0,0,0,1
0,0,0,0,0,2,0,1,0,0,1,0,0,1
0,0,0,0,0,0,0,0,0,0,0,0,0,1
0,0,1,0,0,1,0,1,1,1,2,0,0,1
0,0,1,0,0,0,0,0,0,0,1,0,0,1
0,0,0,0,0,0,0,1,1,0,0,0,0,1
0,0,2,0,0,1,0,1,0,2,0,0,0,1
0,0,1,0,0,1,0,0,0,1,0,0,0,1
0,0,1,0,0,2,0,0,2,1,1,0,0,1
0,0,0,0,0,1,0,0,1,0,2,0,0,1
0,0,0,0,0,0,0,1,1,0,0,0,0,1
0,0,1,0,0,1,0,1,0,1,0,0,0,1
0,0,0,0,0,1,0,0,0,0,0,0,0,1
0,0,2,0,0,1,0,1,0,0,2,0,0,1
0,0,0,0,0,0,0,0,0,0,1,0,0,1
0,0,0,0,0,0,0,0,1,1,0,0,0,1
0,0,1,0,0,1,0,1,0,1,1,0,0,1
0,0,1,0,0,0,0,1,0,2,0,0,0,1
0,0,0,0,0,0,0,0,0,0,0,0,0,1
0,0,2,0,0,1,0,2,1,0,1,0,0,1
0,0,0,0,0,0,0,0,0,0,1,0,0,1
0,0,2,0,0,2,0,1,0,1,1,0,0,1
0,0,0,0,0,0,0,1,0,0,0,0,0,1
0,0,1,0,0,1,0,0,0,0,1,0,0,1
0,0,0,0,0,1,0,0,1,1,1,0,0,1
0,0,0,0,0,0,0,1,1,0,1,0,0,1
0,0,1,0,0,0,0,2,1,1,1,0,0,1
0,0,2,0,0,0,0,1,0,1,1,0,0,1
0,0,2,0,0,2,0,0,1,2,0,0,0,1
1,0,1,0,0,2,0,0,0,0,1,0,0,1
0,0,0,0,0,1,0,0,2,0,1,0,0,1
0,0,1,0,0,0,0,1,1,2,0,0,0,1
0,0,0,0,0,0,0,1,0,0,0,0,0,1
0,0,0,0,0,0,0,0,0,1,0,0,0,1
0,0,0,0,0,0,0,1,0,0,0,0,0,1
0,0,1,0,0,1,0,0,0,0,1,0,0,1
0,0,1,0,0,0,0,1,1,0,0,0,0,1
0,0,0,0,0,0,0,1,0,0,0,0,0,1
0,0,0,0,0,1,0,0,0,1,0,0,0,1
0,0,0,0,0,0,0,1,0,0,0,0,0,1
0,0,1,0,0,2,0,1,0,0,3,0,0,1
0,0,0,0,0,0,0,2,1,0,1,0,0,1
0,0,0,0,0,1,0,1,0,0,2,0,0,1
0,0,0,0,0,0,0,0,0,0,0,0,0,1
0,0,1,0,0,1,0,0,2,2,2,0,0,1
0,0,0,0,0,3,0,0,1,0,1,0,0,1
0,0,0,0,0,0,0,0,1,0,0,0,0,1
0,0,0,0,0,1,0,1,0,0,0,0,0,1
0,0,0,0,0,0,0,2,0,0,1,0,0,1
0,0,0,0,0,0,0,0,0,0,1,0,0,1
0,0,1,0,0,1,0,1,0,0,1,0,0,1
0,0,0,0,0,0,0,0,0,0,1,0,0,1
0,0,0,0,0,1,0,1,2,0,1,0,0,1
0,0,0,0,0,0,0,1,0,0,0,0,0,1
0,0,0,0,0,1,0,0,1,1,0,0,0,1
0,0,1,0,0,2,0,1,1,2,1,0,0,1
0,0,2,0,0,1,0,0,1,0,0,0,0,1
0,0,0,0,0,0,0,2,1,0,1,0,0,1
0,0,1,0,0,0,0,1,0,1,1,0,0,1
0,0,0,0,0,0,0,0,1,1,0,0,0,1
0,0,0,0,0,0,0,1,0,0,0,0,0,1
0,0,1,0,0,1,0,0,0,0,2,0,0,1
0,0,0,0,0,0,0,2,1,0,1,0,0,1
0,0,0,0,0,1,0,1,0,0,3,0,0,1
1,0,0,0,0,0,0,0,0,0,0,0,0,1
0,0,0,0,0,0,0,1,0,0,2,0,0,1
0,0,2,0,0,0,0,0,2,0,0,0,0,1
0,0,0,0,0,0,0,1,0,0,0,0,0,1
0,0,0,0,0,1,0,1,0,2,2,0,0,1
0,0,0,0,0,0,0,1,1,1,1,0,0,1
0,0,0,0,0,0,0,1,1,1,1,0,0,1
0,0,1,0,0,1,0,0,0,0,1,0,0,1
0,0,0,0,0,1,0,1,2,0,1,0,0,1
0,0,0,0,0,2,0,1,0,0,2,0,0,1
0,0,1,0,0,1,0,0,1,1,0,0,0,1
0,0,1,0,0,1,0,0,1,1,1,0,0,1
0,0,0,0,0,1,0,0,0,1,1,0,0,1
0,0,2,0,0,1,0,2,2,0,1,0,0,1
0,0,1,0,0,1,0,1,0,1,1,0,0,1
0,0,0,0,0,0,0,1,0,0,1,0,0,1
0,0,2,0,0,1,0,0,1,1,1,0,0,1
0,0,0,0,0,1,0,0,0,0,1,0,0,1
0,0,0,0,0,1,0,0,1,0,1,0,0,1
0,0,1,0,0,0,0,1,0,1,0,0,0,1
0,0,0,0,0,0,0,2,0,0,1,0,0,1
0,0,0,0,0,0,0,1,1,0,1,0,0,1
0,0,1,0,0,1,0,1,0,0,2,0,0,1
0,0,2,0,0,2,0,0,1,1,0,0,0,1
0,0,0,0,0,1,0,1,1,0,1,0,0,1
0,0,1,0,0,1,0,1,2,1,0,0,0,1
0,0,0,0,0,1,0,0,0,0,1,0,0,1
0,0,1,0,0,0,0,0,1,1,0,0,0,1
0,0,0,0,0,1,0,1,0,1,2,0,0,1
0,0,0,0,0,1,0,1,1,0,1,0,0,1
0,0,0,0,0,0,0,1,0,0,0,0,0,1
0,0,0,0,0,1,0,0,0,0,0,0,0,1
0,0,1,0,0,1,0,0,0,0,1,0,0,1
0,0,0,0,0,1,0,0,0,0,1,0,0,1
0,0,0,0,0,1,0,1,1,0,0,0,0,1
0,0,0,0,0,0,0,2,1,0,1,0,0,1
0,0,0,0,0,0,0,1,0,0,1,0,0,1
0,0,2,0,0,1,0,1,0,0,1,0,0,1
0,0,1,0,0,4,0,0,0,0,2,0,0,1
0,0,0,0,0,1,0,1,1,0,0,0,0,1
0,0,0,0,0,1,0,1,1,1,1,0,0,1
0,0,1,0,0,1,0,0,0,1,0,0,0,1
0,0,1,0,0,1,0,1,0,0,2,0,0,1
0,0,0,0,0,2,0,0,0,0,3,0,0,1
0,0,0,0,0,0,0,1,1,0,0,0,0,1
0,0,2,0,0,2,0,1,0,0,0,0,0,1
0,0,2,0,0,0,0,0,0,1,0,0,0,1
0,0,0,0,0,0,0,1,2,2,0,0,0,1
0,0,1,0,0,2,0,0,0,0,2,0,0,1
0,0,0,0,0,0,0,2,1,0,1,0,0,1
0,0,0,0,0,1,0,0,0,0,2,0,0,1
0,0,2,0,0,0,0,1,0,1,0,0,0,1
0,0,0,0,0,1,0,0,1,1,0,0,0,1
0,0,1,0,0,1,0,1,0,1,1,0,0,1
0,0,0,0,0,0,0,0,0,0,0,0,0,1
0,0,0,0,0,1,0,1,1,0,1,0,0,1
0,0,0,0,0,1,0,1,0,0,0,0,0,1
0,0,1,0,0,0,0,0,0,1,0,0,0,1
0,0,1,0,0,1,0,2,0,0,2,0,0,1
0,0,0,0,0,0,0,0,0,0,1,0,0,1
0,0,0,0,0,3,0,2,2,0,2,0,0,1
0,0,0,0,0,0,0,1,0,0,0,0,0,1
0,0,0,0,0,2,0,0,2,1,0,0,0,1
0,0,0,0,0,0,0,1,0,0,0,0,0,1
0,0,3,0,0,2,0,1,2,0,3,0,0,1
0,0,0,0,0,0,0,1,1,0,1,0,0,1
1,0,0,0,0,2,0,1,0,1,1,0,0,1
0,0,0,0,0,0,0,0,0,0,1,0,0,1
0,0,0,0,0,1,0,1,0,0,0,0,0,1
0,0,1,0,0,2,0,0,1,0,1,0,0,1
0,0,0,0,0,0,0,1,1,0,0,0,0,1
0,0,0,0,0,1,0,1,0,0,1,0,0,1
0,0,3,0,0,1,0,1,1,1,1,0,0,1
0,0,2,0,0,1,0,1,2,1,1,0,0,1
0,0,1,0,0,1,0,1,1,0,2,0,0,1
0,0,0,0,0,1,0,1,2,3,0,0,0,1
0,0,0,0,0,1,0,1,0,0,1,0,0,1
0,0,1,0,0,0,0,0,0,1,0,0,0,1
0,0,0,0,0,1,0,1,0,0,0,0,0,1
0,0,0,0,0,0,0,1,0,0,1,0,0,1
0,0,0,0,0,0,0,1,0,0,1,0,0,1
0,0,2,0,0,2,0,1,0,0,0,0,0,1
0,0,1,0,0,1,0,0,1,1,0,0,0,1
0,0,0,0,0,0,0,1,1,1,0,0,0,1
0,0,1,0,0,1,0,0,2,1,1,0,0,1
0,0,0,0,0,0,0,0,1,0,0,0,0,1
0,0,2,0,0,1,0,2,1,0,1,0,0,1
0,0,1,0,0,1,0,2,0,1,1,0,0,1
0,0,1,0,0,1,0,0,1,1,2,0,0,1
0,0,0,0,0,1,0,0,0,1,1,0,0,1
0,0,0,0,0,0,0,0,0,0,1,0,0,1
0,0,0,0,0,3,0,1,2,0,0,0,0,1
0,0,0,0,0,0,0,1,0,0,0,0,0,1
0,0,0,0,0,1,0,1,0,0,1,0,0,1
0,0,0,0,0,2,0,2,0,0,3,0,0,1
0,0,1,0,0,0,0,0,0,0,1,0,0,1
0,0,0,0,0,1,0,1,1,0,0,0,0,1
0,0,0,0,0,3,0,1,1,0,1,0,0,1
0,0,0,0,0,1,0,0,0,0,0,0,0,1
0,0,1,0,0,1,0,0,1,1,1,0,0,1
0,0,0,0,0,2,0,0,0,1,1,0,0,1
0,0,1,0,0,1,0,1,1,1,0,0,0,1
0,0,2,0,0,1,0,2,1,0,1,0,0,1
0,0,0,0,0,0,0,0,0,0,1,0,0,1
0,0,1,0,0,1,0,1,1,1,2,0,0,1
0,0,0,0,0,1,0,0,1,2,1,0,0,1
0,0,1,0,0,1,0,1,2,0,0,0,0,1
0,0,1,0,0,2,0,1,0,1,0,0,0,1
0,0,0,0,0,0,0,1,0,0,1,0,0,1
0,0,2,0,0,1,0,2,1,0,2,0,0,1
0,0,1,0,0,1,0,0,0,1,2,0,0,1
0,0,2,0,0,1,0,1,1,0,0,0,0,1
0,0,0,0,0,1,0,1,0,0,2,0,0,1
0,0,3,0,0,1,0,0,3,1,0,0,0,1
0,0,1,0,0,1,0,0,2,2,1,0,0,1
0,0,0,0,0,1,0,0,0,2,1,0,0,1
0,0,0,0,0,0,0,0,1,0,0,0,0,1
0,0,1,0,0,1,0,2,1,1,1,0,0,1
0,0,0,0,0,0,0,1,0,0,1,0,0,1
0,0,1,0,0,1,0,1,1,0,2,0,0,1
0,0,0,0,0,1,0,0,0,0,2,0,0,1
0,0,0,0,0,1,0,0,0,0,1,0,0,1
0,0,1,0,0,0,0,1,1,1,0,0,0,1
0,0,1,0,0,1,0,1,0,1,0,0,0,1
0,0,1,0,0,1,0,1,0,0,2,0,0,1
0,0,0,0,0,1,0,0,0,0,2,0,0,1
0,0,0,0,0,1,0,0,1,0,0,0,0,1
0,0,2,0,0,0,0,1,1,1,1,0,0,1
0,0,0,0,0,1,0,1,0,0,0,0,0,1
0,0,1,0,0,0,0,0,0,0,0,0,0,1
0,0,1,0,0,2,0,0,1,2,1,0,0,1
0,0,0,0,0,1,0,1,0,0,2,0,0,1
0,0,0,0,0,0,0,1,1,0,1,0,0,1
0,0,1,0,0,1,0,1,1,1,0,0,0,1
0,0,0,0,0,1,0,0,0,0,0,0,0,1
0,0,2,0,0,1,0,1,2,1,0,0,0,1
0,0,1,0,0,2,0,0,0,0,2,0,0,1
0,0,0,0,0,0,0,1,1,1,0,0,0,1
0,0,0,0,0,1,0,2,1,0,3,0,0,1
0,0,0,0,0,1,0,1,0,0,1,0,0,1
0,0,1,0,0,2,0,0,0,0,2,0,0,1
0,0,0,0,0,1,0,0,0,0,2,0,0,1
0,0,2,0,0,1,0,1,2,0,0,0,0,1
0,0,2,0,0,2,0,1,1,0,0,0,0,1
0,0,0,0,0,0,0,0,0,0,0,0,0,1
0,0,0,0,0,0,0,2,1,2,1,0,0,1
0,0,1,0,0,1,0,1,1,2,2,0,0,1
0,0,0,0,0,0,0,1,1,0,1,0,0,1
0,0,1,0,0,0,0,1,0,0,0,0,0,1
0,0,2,0,0,1,0,0,1,0,1,0,0,1
0,0,0,0,0,0,0,1,0,0,0,0,0,1
0,0,0,0,0,1,0,0,0,0,0,0,0,1
0,0,0,0,0,1,0,0,0,0,0,0,0,1
0,0,1,0,0,0,0,2,0,1,2,0,0,1
0,0,0,0,0,0,0,1,0,0,1,0,0,1
0,0,0,0,0,0,0,1,2,0,1,0,0,1
0,0,0,0,0,2,0,1,2,1,0,0,0,1
0,0,2,0,0,1,0,0,2,0,0,0,0,1
0,0,0,0,0,1,0,1,0,2,1,0,0,1
0,0,0,0,0,0,0,1,0,2,0,0,0,1
0,0,2,0,0,1,0,1,1,0,1,0,0,1
0,0,0,0,0,0,0,2,0,0,1,0,0,1
0,0,2,0,0,2,0,0,0,0,1,0,0,1
0,0,0,0,0,0,0,1,0,0,0,0,0,1
0,0,0,0,0,0,0,1,0,1,1,0,0,1
0,0,0,0,0,0,0,0,0,0,0,0,0,1
0,0,0,0,0,0,0,1,1,0,0,0,0,1
0,0,1,0,0,2,0,1,0,0,3,0,0,1
0,0,1,0,0,0,0,1,1,1,1,0,0,1
0,0,1,0,0,0,0,1,0,1,0,0,0,1
0,0,2,0,0,1,0,0,0,0,0,0,0,1
0,0,0,0,0,1,0,1,1,1,0,0,0,1
0,0,2,0,0,1,0,0,2,1,1,0,0,1
0,0,0,0,0,0,0,1,1,0,0,0,0,1
0,0,0,0,0,1,0,2,0,0,2,0,0,1
0,0,1,0,0,0,0,1,0,2,1,0,0,1
0,0,0,0,0,0,0,1,1,1,1,0,0,1
0,0,2,0,0,3,0,0,0,0,2,0,0,1
0,0,0,0,0,0,0,1,1,0,0,0,0,1
0,0,0,0,0,2,0,1,1,0,1,0,0,1
0,0,0,0,0,0,0,0,0,0,0,0,0,1
0,0,1,0,0,1,0,0,1,1,1,0,0,1
0,0,0,0,0,1,0,0,0,0,2,0,0,1
0,0,0,0,0,0,0,0,1,0,0,0,0,1
0,0,1,0,0,0,0,1,0,1,0,0,0,1
0,0,0,0,0,0,0,1,0,0,0,0,0,1
0,0,1,0,0,1,0,0,1,1,1,0,0,1
0,0,0,0,0,1,0,0,0,0,1,0,0,1
0,0,0,0,0,0,0,0,0,0,0,0,0,1
0,0,0,0,0,1,0,1,1,0,0,0,0,1
0,0,0,0,0,0,0,1,0,0,0,0,0,1
0,0,0,0,0,0,0,0,1,1,0,0,0,1
0,0,1,0,0,1,0,2,0,0,2,0,0,1
0,0,0,0,0,0,0,0,0,0,1,0,0,1
0,0,1,0,0,1,0,1,1,0,1,0,0,1
0,0,1,0,0,0,0,1,0,1,1,0,0,1
0,0,0,0,0,0,0,1,0,1,1,0,0,1
0,0,1,0,0,1,0,0,0,1,2,0,0,1
0,0,0,0,0,1,0,0,0,1,1,0,0,1
0,0,0,0,0,0,0,1,1,0,1,0,0,1
0,0,0,0,0,1,0,1,0,0,0,0,0,1
0,0,1,0,0,1,0,0,1,1,0,0,0,1
0,0,2,0,0,2,0,0,0,0,1,0,0,1
0,0,0,0,0,1,0,0,0,0,1,0,0,1
0,0,2,0,0,1,0,1,3,0,0,0,0,1
0,0,0,0,0,1,0,2,0,0,1,0,0,1
0,0,0,0,0,0,0,0,0,0,1,0,0,1
0,0,0,0,0,1,0,1,1,2,0,0,0,1
0,0,1,0,0,2,0,0,0,0,1,0,0,1
0,0,0,0,0,1,0,1,2,0,0,0,0,1
0,0,1,0,0,1,0,1,0,1,2,0,0,1
0,0,1,0,0,1,0,1,0,1,1,0,0,1
0,0,1,0,0,1,0,0,0,0,2,0,0,1
0,0,0,0,0,1,0,0,0,0,2,0,0,1
0,0,2,0,0,2,0,1,1,0,0,0,0,1
0,0,1,0,0,1,0,0,0,1,0,0,0,1
0,0,1,0,0,0,0,1,0,1,0,0,0,1
0,0,0,0,0,0,0,0,1,2,0,0,0,1
0,0,1,0,0,1,0,2,0,0,2,0,0,1
0,0,0,0,0,0,0,1,0,0,1,0,0,1
0,0,2,0,0,2,0,1,2,0,2,0,0,1
0,0,0,0,0,0,0,1,0,0,1,0,0,1
0,0,1,0,0,1,0,0,1,1,1,0,0,1
0,0,0,0,0,1,0,0,0,1,1,0,0,1
0,0,0,0,0,0,0,0,0,0,0,0,0,1
0,0,1,0,0,2,0,1,1,1,0,0,0,1
0,0,0,0,0,0,0,1,0,0,0,0,0,1
0,0,0,0,0,0,0,1,0,0,1,0,0,1
0,0,0,0,0,0,0,1,0,0,1,0,0,1
0,0,0,0,0,1,0,0,1,0,0,0,0,1
0,0,2,0,0,2,0,1,0,0,0,0,0,1
0,0,0,0,0,0,0,1,0,1,1,0,0,1
0,0,0,0,0,0,0,0,0,1,0,0,0,1
0,0,1,0,0,1,0,1,0,0,2,0,0,1
0,0,0,0,0,1,0,1,0,0,3,0,0,1
0,0,0,0,0,1,0,1,1,0,1,0,0,1
0,0,0,0,0,0,0,1,0,0,0,0,0,1
0,0,0,0,0,1,0,0,0,0,0,0,0,1
0,0,1,0,0,2,0,0,1,1,1,0,0,1
0,0,0,0,0,0,0,0,0,0,0,0,0,1
0,0,0,0,0,0,0,2,1,0,1,0,0,1
0,0,2,0,0,1,0,1,0,2,0,0,0,1
0,0,0,0,0,0,0,0,0,0,1,0,0,1
0,0,0,0,0,1,0,1,1,1,0,0,0,1
0,0,3,0,0,3,0,0,2,0,1,0,0,1
0,0,0,0,0,0,0,1,1,0,0,0,0,1
0,0,0,0,0,1,0,1,0,2,1,0,0,1
0,0,1,0,0,1,0,0,0,1,0,0,0,1
0,0,0,0,0,0,0,1,1,1,0,0,0,1
0,0,1,0,0,1,0,0,0,0,1,0,0,1
0,0,0,0,0,0,0,0,1,0,0,0,0,1
0,0,0,0,0,2,0,1,1,0,1,0,0,1
0,0,0,0,0,0,0,1,0,0,0,0,0,1
0,0,0,0,0,0,0,0,0,0,0,0,0,1
0,0,1,0,0,2,0,1,0,0,2,0,0,1
0,0,0,0,0,0,0,1,0,0,1,0,0,1
0,0,2,0,0,1,0,2,2,0,1,0,0,1
0,0,1,0,0,1,0,1,0,1,1,0,0,1
0,0,2,0,0,2,0,0,1,0,0,0,0,1
0,0,0,0,0,0,0,1,0,1,0,0,0,1
0,0,3,0,0,3,0,0,3,0,1,0,0,1
0,0,0,0,0,0,0,1,1,0,0,0,0,1
0,0,1,0,0,1,0,1,0,3,2,0,0,1
0,0,0,0,0,0,0,1,0,0,1,0,0,1
0,0,0,0,0,0,0,2,0,0,1,0,0,1
0,0,1,0,0,2,0,0,0,0,2,0,0,1
0,0,0,0,0,0,0,1,2,0,0,0,0,1
0,0,1,0,0,2,0,1,0,1,1,0,0,1
0,0,0,0,0,1,0,0,1,0,0,0,0,1
0,0,1,0,0,1,0,0,1,1,1,0,0,1
0,0,4,0,0,3,0,1,2,0,2,0,0,1
0,0,0,0,0,0,0,2,1,0,1,0,0,1
0,0,1,0,0,1,0,1,0,1,1,0,0,1
0,0,2,0,0,1,0,0,0,3,0,0,0,1
0,0,1,0,0,0,0,1,1,0,0,0,0,1
0,0,0,0,0,1,0,0,2,1,0,0,0,1
0,0,0,0,0,0,0,1,0,0,0,0,0,1
0,0,0,0,0,0,0,2,1,1,2,0,0,1
0,0,0,0,0,0,0,0,0,0,1,0,0,1
0,0,0,0,0,0,0,1,0,0,0,0,0,1
0,0,1,0,0,3,0,0,1,2,1,0,0,1
0,0,0,0,0,1,0,0,1,0,0,0,0,1
0,0,0,0,0,1,0,1,0,0,1,0,0,1
0,0,1,0,0,0,0,1,0,1,0,0,0,1
0,0,1,0,0,1,0,0,0,0,1,0,0,1
0,0,0,0,0,1,0,0,0,0,2,0,0,1
0,0,0,0,0,0,0,0,0,0,0,0,0,1
0,0,1,0,0,1,0,1,1,1,0,0,0,1
0,0,0,0,0,0,0,2,0,0,1,0,0,1
0,0,0,0,0,0,0,0,2,1,1,0,0,1
0,0,0,0,0,0,0,1,1,1,0,0,0,1
0,0,1,0,0,2,0,0,0,0,3,0,0,1
0,0,1,0,0,1,0,1,1,1,0,0,0,1
0,0,0,0,0,1,0,1,0,0,0,0,0,1
0,0,0,0,0,0,0,0,0,0,0,0,0,1
0,0,0,0,0,0,0,2,0,0,2,0,0,1
0,0,1,0,0,1,0,0,0,0,2,0,0,1
0,0,0,0,0,0,0,1,1,0,0,0,0,1
0,0,1,0,0,0,0,1,0,3,0,0,0,1
0,0,0,0,0,0,0,0,0,1,0,0,0,1
0,0,0,0,0,0,0,2,1,1,1,0,0,1
0,0,0,0,0,0,0,0,1,0,0,0,0,1
0,0,0,0,0,0,0,2,0,0,2,0,0,1
0,0,0,0,0,1,0,1,0,1,1,0,0,1
0,0,0,0,0,2,0,0,1,0,0,0,0,1
0,0,0,0,0,1,0,1,0,0,0,0,0,1
0,0,1,0,0,1,0,0,0,0,1,0,0,1
0,0,0,0,0,0,0,2,1,0,1,0,0,1
0,0,0,0,0,1,0,2,0,0,2,0,0,1
0,0,1,0,0,1,0,0,0,1,1,0,0,1
0,0,2,0,0,2,0,1,0,0,0,0,0,1
0,0,1,0,0,1,0,0,0,0,1,0,0,1
0,0,0,0,0,1,0,0,1,1,0,0,0,1
0,0,2,0,0,1,0,1,1,0,1,0,0,1
0,0,1,0,0,0,0,1,0,1,0,0,0,1
0,0,0,0,0,0,0,0,1,1,0,0,0,1
0,0,1,0,0,2,0,1,0,0,2,0,0,1
0,0,0,0,0,0,0,1,1,0,1,0,0,1
0,0,0,0,0,0,0,1,1,0,1,0,0,1
0,0,0,0,0,2,0,1,1,0,0,0,0,1
0,0,1,0,0,1,0,0,0,1,1,0,0,1
0,0,0,0,0,1,0,0,0,0,1,0,0,1
0,0,0,0,0,0,0,0,0,1,0,0,0,1
0,0,1,0,0,1,0,1,1,1,0,0,0,1
0,0,1,0,0,0,0,1,0,1,0,0,0,1
0,0,0,0,0,0,0,0,1,1,0,0,0,1
0,0,1,0,0,1,0,0,1,1,1,0,0,1
0,0,1,0,0,1,0,0,0,0,1,0,0,1
0,0,1,0,0,1,0,1,1,1,0,0,0,1
0,0,0,0,0,0,0,2,0,0,1,0,0,1
0,0,0,0,0,0,0,0,0,0,1,0,0,1
0,0,0,0,0,0,0,1,1,1,0,0,0,1
0,0,3,0,0,3,0,0,0,0,2,0,0,1
0,0,0,0,0,1,0,1,1,0,0,0,0,1
0,0,2,0,0,2,0,1,3,1,2,0,0,1
0,0,0,0,0,0,0,0,0,0,0,0,0,1
0,0,1,0,0,1,0,0,0,0,1,0,0,1
0,0,0,0,0,0,0,0,0,2,0,0,0,1
0,0,0,0,0,0,0,1,1,0,0,0,0,1
0,0,0,0,0,0,0,1,0,0,0,0,0,1
0,0,0,0,0,0,0,0,0,0,0,0,0,1
0,0,1,0,0,1,0,0,2,1,1,0,0,1
0,0,0,0,0,1,0,0,1,1,1,0,0,1
0,0,0,0,0,0,0,0,1,0,0,0,0,1
0,0,0,0,0,1,0,1,0,0,1,0,0,1
0,0,0,0,0,0,0,1,0,0,1,0,0,1
0,0,0,0,0,1,0,1,1,1,0,0,0,1
0,0,0,0,0,1,0,0,0,0,0,0,0,1
0,0,1,0,0,1,0,0,0,0,1,0,0,1
0,0,0,0,0,2,0,0,1,0,1,0,0,1
0,0,0,0,0,0,0,1,1,0,0,0,0,1
0,0,0,0,0,1,0,1,0,0,0,0,0,1
0,0,0,0,0,0,0,0,0,0,0,0,0,1
0,0,1,0,0,1,0,0,0,0,1,0,0,1
0,0,0,0,0,1,0,1,0,0,2,0,0,1
0,0,0,0,0,0,0,0,1,0,1,0,0,1
0,0,0,0,0,0,0,1,0,0,0,0,0,1
0,0,0,0,0,0,0,1,1,0,1,0,0,1
0,0,0,0,0,0,0,1,1,2,1,0,0,1
0,0,0,0,0,1,0,1,1,2,1,0,0,1
0,0,1,0,0,1,0,0,0,1,1,0,0,1
0,0,0,0,0,0,0,1,1,0,1,0,0,1
0,0,0,0,0,0,0,1,0,0,0,0,0,1
0,0,0,0,0,1,0,0,1,0,0,0,0,1
0,0,1,0,0,2,0,0,0,0,1,0,0,1
0,0,0,0,0,1,0,0,0,0,1,0,0,1
0,0,1,0,0,1,0,2,1,1,1,0,0,1
0,0,0,0,0,0,0,1,0,0,1,0,0,1
0,0,2,0,0,2,0,0,0,0,0,0,0,1
0,0,0,0,0,0,0,1,2,2,0,0,0,1
0,0,1,0,0,2,0,0,0,0,2,0,0,1
0,0,0,0,0,0,0,1,3,1,0,0,0,1
0,0,1,0,0,2,0,1,0,1,2,0,0,1
0,0,0,0,0,0,0,0,0,1,0,0,0,1
0,0,1,0,0,1,0,0,1,1,1,0,0,1
0,0,0,0,0,0,0,0,0,0,0,0,0,1
0,0,0,0,0,0,0,1,1,0,0,0,0,1
0,0,2,0,0,2,0,1,1,0,0,0,0,1
0,0,0,0,0,0,0,0,0,0,0,0,0,1
0,0,0,0,0,0,0,1,0,0,0,0,0,1
0,0,1,0,0,1,0,0,0,1,1,0,0,1
0,0,0,0,0,0,0,2,1,0,1,0,0,1
0,0,0,0,0,0,0,1,0,0,1,0,0,1
0,0,1,0,0,1,0,0,1,1,0,0,0,1
0,0,2,0,0,2,0,1,0,0,0,0,0,1
0,0,1,0,0,1,0,0,0,0,1,0,0,1
0,0,0,0,0,0,0,0,1,0,0,0,0,1
0,0,0,0,0,1,0,1,0,0,2,0,0,1
0,0,1,0,0,0,0,2,0,1,1,0,0,1
0,0,0,0,0,0,0,1,1,1,1,0,0,1
0,0,4,0,0,3,0,1,0,0,2,0,0,1
0,0,0,0,0,0,0,0,1,0,0,0,0,1
0,0,0,0,0,1,0,1,1,0,1,0,0,1
0,0,1,0,0,0,0,1,0,1,0,0,0,1
0,0,0,0,0,1,0,0,1,2,0,0,0,1
0,0,1,0,0,1,0,1,0,0,2,0,0,1
0,0,1,0,0,1,0,0,0,0,2,0,0,1
0,0,1,0,0,1,0,1,1,1,0,0,0,1
0,0,4,0,0,2,0,1,0,1,0,0,0,1
0,0,0,0,0,0,0,0,0,1,0,0,0,1
0,0,1,0,0,1,0,0,1,1,1,0,0,1
0,0,0,0,0,1,0,0,0,1,1,0,0,1
0,0,1,0,0,1,0,2,1,1,1,0,0,1
0,0,0,0,0,0,0,1,0,0,1,0,0,1
0,0,0,0,0,0,0,0,0,0,0,0,0,1
0,0,2,0,0,1,0,1,1,1,0,0,0,1
0,0,1,0,0,3,0,0,0,0,2,0,0,1
0,0,0,0,0,0,0,1,3,0,0,0,0,1
0,0,0,0,0,1,0,1,0,0,1,0,0,1
0,0,0,0,0,0,0,0,0,0,0,0,0,1
0,0,1,0,0,1,0,0,0,1,1,0,0,1
0,0,0,0,0,0,0,0,0,0,0,0,0,1
0,0,0,0,0,0,0,1,1,0,0,0,0,1
0,0,1,0,0,0,0,2,0,1,1,0,0,1
0,0,0,0,0,0,0,0,0,0,1,0,0,1
0,0,2,0,0,1,0,0,1,0,1,0,0,1
0,0,0,0,0,1,0,0,1,1,2,0,0,1
0,0,0,0,0,0,0,1,1,1,1,0,0,1
0,0,0,0,0,0,0,2,0,1,1,0,0,1
0,0,0,0,0,0,0,1,0,0,1,0,0,1
0,0,1,0,0,2,0,0,1,1,1,0,0,1
0,0,0,0,0,1,0,0,0,0,2,0,0,1
0,0,0,0,0,0,0,0,0,0,0,0,0,1
0,0,0,0,0,1,0,1,1,0,0,0,0,1
0,0,0,0,0,0,0,2,0,0,1,0,0,1
0,0,0,0,0,0,0,1,1,1,1,0,0,1
0,0,3,0,0,3,0,1,1,0,3,0,0,1
0,0,0,0,0,0,0,0,0,0,0,0,0,1
0,0,0,0,0,2,0,1,1,0,1,0,0,1
0,0,2,0,0,0,0,1,0,3,0,0,0,1
0,0,0,0,0,0,0,0,0,0,0,0,0,1
0,0,0,0,0,0,0,1,0,0,0,0,0,1
0,0,1,0,0,1,0,1,0,0,2,0,0,1
0,0,0,0,0,0,0,1,1,0,1,0,0,1
0,0,0,0,0,1,0,1,0,0,0,0,0,1
0,0,2,0,0,2,0,0,1,0,0,0,0,1
0,0,1,0,0,1,0,0,2,2,1,0,0,1
0,0,0,0,0,1,0,0,0,1,2,0,0,1
0,0,0,0,0,0,0,1,1,0,0,0,0,1
0,0,0,0,0,1,0,1,0,0,0,0,0,1
0,0,0,0,0,0,0,0,0,0,0,0,0,1
0,0,0,0,0,0,0,1,0,0,0,0,0,1
0,0,1,0,0,2,0,1,0,0,3,0,0,1
0,0,2,0,0,1,0,1,2,0,1,0,0,1
0,0,0,0,0,1,0,1,0,0,2,0,0,1
0,0,0,0,0,0,0,0,1,1,0,0,0,1
0,0,0,0,0,0,0,2,1,3,1,0,0,1
0,0,0,0,0,1,0,0,0,1,0,0,0,1
0,0,0,0,0,0,0,0,0,0,1,0,0,1
0,0,2,0,0,2,0,1,0,1,1,0,0,1
0,0,0,0,0,1,0,1,0,0,0,0,0,1
0,0,1,0,0,1,0,0,1,0,1,0,0,1
0,0,0,0,0,1,0,0,1,2,1,0,0,1
0,0,0,0,0,0,0,0,0,0,0,0,0,1
0,0,1,0,0,1,0,1,1,2,0,0,0,1
0,0,0,0,0,0,0,1,0,0,0,0,0,1
0,0,1,0,0,1,0,0,1,1,1,0,0,1
0,0,0,0,0,1,0,1,0,0,2,0,0,1
0,0,0,0,0,0,0,0,0,0,1,0,0,1
0,0,0,0,0,1,0,1,1,0,0,0,0,1
0,0,0,0,0,0,0,1,0,1,0,0,0,1
0,0,0,0,0,0,0,1,0,1,1,0,0,1
0,0,1,0,0,1,0,1,0,0,2,0,0,1
0,0,0,0,0,1,0,0,0,0,3,0,0,1
0,0,2,0,0,1,0,1,1,0,0,0,0,1
0,0,0,0,0,1,0,1,1,0,0,0,0,1
0,0,0,0,0,0,0,0,2,0,0,0,0,1
0,0,1,0,0,1,0,0,2,2,1,0,0,1
0,0,0,0,0,1,0,0,0,0,1,0,0,1
0,0,0,0,0,0,0,1,1,0,0,0,0,1
0,0,0,0,0,0,0,1,0,0,0,0,0,1
0,0,0,0,0,0,0,0,0,0,0,0,0,1
0,0,1,0,0,1,0,1,2,1,2,0,0,1
0,0,0,0,0,0,0,0,0,0,1,0,0,1
0,0,0,0,0,0,0,1,1,0,0,0,0,1
0,0,1,0,0,1,0,1,0,1,1,0,0,1
0,0,0,0,0,0,0,1,0,0,1,0,0,1
0,0,1,0,0,1,0,0,0,1,2,0,0,1
0,0,0,0,0,1,0,0,0,0,1,0,0,1
0,0,0,0,0,1,0,1,1,0,0,0,0,1
0,0,2,0,0,1,0,1,0,1,0,0,0,1
0,0,0,0,0,0,0,0,0,0,0,0,0,1
0,0,1,0,0,1,0,0,1,1,1,0,0,1
0,0,0,0,0,0,0,0,0,1,0,0,0,1
0,0,0,0,0,0,0,1,1,0,1,0,0,1
0,0,1,0,0,0,0,1,0,1,1,0,0,1
0,0,0,0,0,0,0,2,0,0,1,0,0,1
0,0,2,0,0,3,0,0,2,1,0,0,0,1
0,0,1,0,0,1,0,1,0,0,1,0,0,1
0,0,0,0,0,1,0,0,0,0,0,0,0,1
0,0,0,0,0,1,0,1,1,1,1,0,0,1
0,0,1,0,0,0,0,2,0,1,1,0,0,1
0,0,0,0,0,0,0,1,0,0,1,0,0,1
0,0,1,0,0,1,0,0,0,0,2,0,0,1
0,0,0,0,0,1,0,0,0,0,1,0,0,1
0,0,2,0,0,2,0,1,2,0,1,0,0,1
0,0,0,0,0,0,0,1,0,0,0,0,0,1
0,0,0,0,0,1,0,0,0,0,0,0,0,1
0,0,0,0,0,0,0,2,2,3,1,0,0,1
0,0,1,0,0,2,0,1,0,0,3,0,0,1
0,0,0,0,0,0,0,1,1,0,1,0,0,1
0,0,2,0,0,3,0,1,1,0,2,0,0,1
0,0,0,0,0,1,0,0,0,0,0,0,0,1
0,0,1,0,0,2,0,0,0,0,1,0,0,1
0,0,0,0,0,1,0,0,0,0,1,0,0,1
0,0,0,0,0,0,0,2,1,0,1,0,0,1
0,0,1,0,0,1,0,2,0,1,1,0,0,1
0,0,1,0,0,0,0,0,1,0,1,0,0,1
0,0,2,0,0,2,0,0,0,1,1,0,0,1
0,0,0,0,0,1,0,0,0,0,1,0,0,1
0,0,0,0,0,0,0,1,1,0,0,0,0,1
0,0,1,0,0,1,0,1,0,1,0,0,0,1
0,0,0,0,0,0,0,0,0,0,0,0,0,1
0,0,1,0,0,1,0,1,0,0,2,0,0,1
0,0,0,0,0,1,0,1,0,0,3,0,0,1
0,0,1,0,0,0,0,0,1,0,1,0,0,1
0,0,0,0,0,3,0,1,1,0,0,0,0,1
0,0,0,0,0,0,0,1,0,0,0,0,0,1
0,0,0,0,0,1,0,0,1,0,0,0,0,1
0,0,2,0,0,2,0,1,1,1,2,0,0,1
0,0,0,0,0,0,0,0,0,0,0,0,0,1
0,0,2,0,0,1,0,1,2,0,0,0,0,1
0,0,2,0,0,2,0,1,1,2,0,0,0,1
0,0,1,0,0,1,0,1,0,1,2,0,0,1
0,0,0,0,0,1,0,0,1,1,2,0,0,1
0,0,0,0,0,1,0,0,0,1,0,0,0,1
0,0,2,0,0,2,0,1,2,1,0,0,0,1
0,0,0,0,0,0,0,2,0,1,1,0,0,1
0,0,0,0,0,0,0,0,1,1,0,0,0,1
0,0,1,0,0,1,0,1,0,2,2,0,0,1
0,0,0,0,0,1,0,0,0,0,2,0,0,1
0,0,1,0,0,0,0,1,1,1,0,0,0,1
0,0,0,0,0,0,0,1,0,0,1,0,0,1
0,0,0,0,0,0,0,0,0,0,0,0,0,1
0,0,1,0,0,0,0,1,1,1,0,0,0,1
0,0,1,0,0,1,0,1,0,0,2,0,0,1
0,0,0,0,0,0,0,1,1,0,2,0,0,1
0,0,0,0,0,0,0,1,0,1,0,0,0,1
0,0,2,0,0,3,0,0,0,0,0,0,0,1
0,0,0,0,0,0,0,1,0,0,0,0,0,1
0,0,1,0,0,1,0,0,2,1,1,0,0,1
0,0,0,0,0,0,0,1,1,0,0,0,0,1
0,0,0,0,0,0,0,1,0,0,0,0,0,1
0,0,1,0,0,1,0,1,0,1,1,0,0,1
0,0,1,0,0,1,0,0,2,1,2,0,0,1
0,0,0,0,0,1,0,1,0,0,2,0,0,1
0,0,0,0,0,2,0,1,1,0,0,0,0,1
0,0,1,0,0,3,0,1,1,1,0,0,0,1
0,0,0,0,0,1,0,0,0,0,0,0,0,1
0,0,0,0,0,0,0,0,1,1,0,0,0,1
0,0,1,0,0,1,0,2,0,0,2,0,0,1
0,0,0,0,0,1,0,1,1,0,2,0,0,1
0,0,2,0,0,2,0,1,0,0,1,0,0,1
0,0,1,0,0,1,0,1,0,1,0,0,0,1
0,0,0,0,0,1,0,0,0,0,0,0,0,1
0,0,0,0,0,0,0,1,2,1,0,0,0,1
0,0,0,0,0,0,0,0,0,0,0,0,0,1
0,0,0,0,0,0,0,1,0,2,1,0,0,1
0,0,0,0,0,0,0,2,0,0,1,0,0,1
0,0,0,0,0,0,0,0,0,0,1,0,0,1
0,0,0,0,0,0,0,2,1,1,1,0,0,1
0,0,3,0,0,3,0,0,0,0,1,0,0,1
0,0,0,0,0,1,0,1,1,0,0,0,0,1
0,0,3,0,0,2,0,1,1,2,1,0,0,1
0,0,0,0,0,0,0,0,0,0,0,0,0,1
0,0,0,0,0,0,0,2,0,0,1,0,0,1
0,0,1,0,0,2,0,0,0,1,3,0,0,1
0,0,0,0,0,0,0,1,1,0,1,0,0,1
0,0,2,0,0,2,0,0,0,0,2,0,0,1
0,0,2,0,0,2,0,1,0,2,0,0,0,1
0,0,0,0,0,0,0,1,1,1,0,0,0,1
0,0,0,0,0,0,0,0,0,1,0,0,0,1
0,0,1,0,0,1,0,1,0,0,1,0,0,1
0,0,0,0,0,0,0,1,0,0,1,0,0,1
0,0,0,0,0,1,0,1,1,0,2,0,0,1
0,0,0,0,0,0,0,1,0,0,0,0,0,1
0,0,0,0,0,0,0,0,1,0,1,0,0,1
0,0,1,0,0,3,0,0,1,0,1,0,0,1
0,0,0,0,0,1,0,0,0,0,1,0,0,1
0,0,0,0,0,0,0,1,1,0,0,0,0,1
0,0,0,0,0,1,0,1,0,0,0,0,0,1
0,0,0,0,0,0,0,0,1,0,0,0,0,1
0,0,1,0,0,1,0,0,1,1,1,0,0,1
0,0,0,0,0,1,0,0,0,0,1,0,0,1
0,0,1,0,0,0,0,1,1,1,0,0,0,1
0,0,0,0,0,1,0,1,0,0,0,0,0,1
0,0,0,0,0,0,0,0,1,0,0,0,0,1
0,0,1,0,0,1,0,0,1,1,1,0,0,1
0,0,0,0,0,0,0,0,0,0,0,0,0,1
0,0,0,0,0,0,0,1,1,0,1,0,0,1
0,0,1,0,0,0,0,1,0,1,1,0,0,1
0,0,0,0,0,0,0,1,0,0,0,0,0,1
0,0,1,0,0,1,0,0,1,2,1,0,0,1
0,0,0,0,0,1,0,0,0,1,2,0,0,1
0,0,0,0,0,0,0,1,1,0,1,0,0,1
0,0,0,0,0,0,0,2,1,0,1,0,0,1
0,0,0,0,0,1,0,1,0,0,1,0,0,1
0,0,0,0,0,1,0,0,1,1,0,0,0,1
0,0,1,0,0,1,0,0,0,0,1,0,0,1
0,0,0,0,0,1,0,0,1,0,0,0,0,1
0,0,1,0,0,0,0,1,1,1,0,0,0,1
0,0,1,0,0,1,0,2,0,0,1,0,0,1
0,0,1,0,0,0,0,1,1,0,1,0,0,1
0,0,0,0,0,0,0,1,1,1,1,0,0,1
0,0,1,0,0,2,0,0,0,1,2,0,0,1
0,0,0,0,0,0,0,1,1,0,1,0,0,1
0,0,3,0,0,3,0,1,1,1,1,0,0,1
0,0,0,0,0,0,0,0,0,0,0,0,0,1
0,0,0,0,0,1,0,1,1,1,0,0,0,1
0,0,1,0,0,1,0,1,0,1,2,0,0,1
0,0,0,0,0,0,0,1,1,0,1,0,0,1
0,0,0,0,0,1,0,2,0,0,2,0,0,1
0,0,1,0,0,2,0,0,2,1,0,0,0,1
0,0,0,0,0,2,0,1,1,0,0,0,0,1
0,0,1,0,0,3,0,0,0,0,2,0,0,1
0,0,0,0,0,0,0,1,1,0,0,0,0,1
0,0,2,0,0,2,0,1,1,0,1,0,0,1
0,0,1,0,0,0,0,0,0,1,0,0,0,1
0,0,0,0,0,0,0,1,1,1,0,0,0,1
0,0,1,0,0,2,0,1,1,1,3,0,0,1
0,0,2,0,0,1,0,0,2,0,1,0,0,1
0,0,0,0,0,1,0,1,0,0,2,0,0,1
0,0,1,0,0,0,0,1,1,2,0,0,0,1
0,0,0,0,0,0,0,1,1,2,1,0,0,1
0,0,1,0,0,1,0,2,0,0,2,0,0,1
0,0,0,0,0,0,0,0,0,1,1,0,0,1
0,0,0,0,0,0,0,1,1,0,0,0,0,1
0,0,1,0,0,1,0,1,0,1,0,0,0,1
0,0,1,0,0,3,0,0,1,0,1,0,0,1
0,0,0,0,0,1,0,0,0,0,2,0,0,1
0,0,0,0,0,0,0,0,0,0,0,0,0,1
0,0,2,0,0,2,0,1,2,0,0,0,0,1
0,0,0,0,0,0,0,1,0,0,0,0,0,1
0,0,0,0,0,0,0,1,1,1,1,0,0,1
0,0,1,0,0,1,0,0,1,1,2,0,0,1
0,0,0,0,0,1,0,0,0,0,2,0,0,1
0,0,0,0,0,1,0,1,1,0,0,0,0,1
0,0,0,0,0,0,0,1,0,0,1,0,0,1
0,0,0,0,0,0,0,0,0,0,0,0,0,1
0,0,1,0,0,1,0,0,2,2,1,0,0,1
0,0,0,0,0,1,0,0,0,0,1,0,0,1
0,0,0,0,0,0,0,1,1,1,0,0,0,1
0,0,1,0,0,1,0,1,0,1,0,0,0,1
0,0,0,0,0,0,0,0,0,0,0,0,0,1
0,0,1,0,0,1,0,0,1,1,1,0,0,1
0,0,0,0,0,1,0,1,0,0,2,0,0,1
0,0,0,0,0,0,0,2,1,0,1,0,0,1
0,0,1,0,0,0,0,1,0,1,1,0,0,1
0,0,2,0,0,1,0,0,0,0,0,0,0,1
0,0,2,0,0,2,0,0,0,1,1,0,0,1
0,0,0,0,0,0,0,0,0,0,0,0,0,1
0,0,0,0,0,0,0,1,1,0,0,0,0,1
0,0,0,0,0,1,0,1,0,0,0,0,0,1
0,0,0,0,0,0,0,0,0,0,0,0,0,1
0,0,1,0,0,0,0,2,1,1,1,0,0,1
0,0,1,0,0,2,0,0,0,0,3,0,0,1
0,0,0,0,0,0,0,1,1,0,1,0,0,1
0,0,0,0,0,0,0,1,0,1,0,0,0,1
0,0,1,0,0,2,0,1,1,1,0,0,0,1
0,0,1,0,0,1,0,0,1,1,1,0,0,1
0,0,0,0,0,0,0,1,0,0,1,0,0,1
0,0,0,0,0,0,0,0,0,0,1,0,0,1
0,0,0,0,0,1,0,1,1,0,0,0,0,1
0,0,1,0,0,1,0,1,0,1,0,0,0,1
0,0,0,0,0,0,0,0,1,1,0,0,0,1
0,0,0,0,0,1,0,1,1,0,0,0,0,1
0,0,0,0,0,0,0,0,0,0,0,0,0,1
0,0,0,0,0,0,0,1,0,0,0,0,0,1
0,0,0,0,0,0,0,1,0,1,1,0,0,1
0,0,2,0,0,1,0,0,1,0,0,0,0,1
0,0,1,0,0,1,0,0,0,0,1,0,0,1
0,0,0,0,0,0,0,0,0,1,0,0,0,1
0,0,0,0,0,0,0,1,1,0,0,0,0,1
0,0,0,0,0,1,0,1,0,0,0,0,0,1
0,0,0,0,0,0,0,0,0,0,0,0,0,1
0,0,1,0,0,1,0,0,1,1,1,0,0,1
0,0,0,0,0,1,0,0,0,0,1,0,0,1
0,0,0,0,0,0,0,1,1,0,0,0,0,1
0,0,1,0,0,1,0,2,0,1,1,0,0,1
0,0,0,0,0,0,0,0,0,0,1,0,0,1
0,0,1,0,0,1,0,0,1,1,1,0,0,1
0,0,0,0,0,1,0,0,0,0,2,0,0,1
0,0,0,0,0,0,0,2,1,1,1,0,0,1
0,0,0,0,0,0,0,2,0,0,1,0,0,1
0,0,0,0,0,0,0,0,0,1,1,0,0,1
0,0,2,0,0,1,0,1,0,0,0,0,0,1
0,0,1,0,0,2,0,0,0,0,1,0,0,1
0,0,0,0,0,0,0,0,1,0,0,0,0,1
0,0,0,0,0,1,0,1,1,1,2,0,0,1
0,0,0,0,0,1,0,1,0,0,0,0,0,1
0,0,0,0,0,0,0,1,0,0,1,0,0,1
0,0,1,0,0,1,0,2,1,1,2,0,0,1
0,0,0,0,0,0,0,0,0,0,1,0,0,1
0,0,0,0,0,1,0,1,1,0,0,0,0,1
0,0,3,0,0,2,0,1,1,1,0,0,0,1
0,0,0,0,0,0,0,0,0,0,0,0,0,1
0,0,0,0,0,0,0,1,0,0,0,0,0,1
0,0,1,0,0,1,0,0,1,1,1,0,0,1
0,0,0,0,0,0,0,1,1,0,0,0,0,1
0,0,1,0,0,1,0,1,0,1,1,0,0,1
0,0,0,0,0,1,0,0,1,0,0,0,0,1
0,0,0,0,0,0,0,1,0,0,0,0,0,1
0,0,1,0,0,1,0,0,0,0,1,0,0,1
0,0,0,0,0,0,0,1,1,0,0,0,0,1
0,0,1,0,0,1,0,1,0,1,1,0,0,1
0,0,0,0,0,0,0,1,0,0,1,0,0,1
0,0,0,0,0,0,0,1,1,1,1,0,0,1
0,0,0,0,0,0,0,0,0,0,0,0,0,1
0,0,2,0,0,1,0,1,0,0,0,0,0,1
0,0,3,0,0,2,0,1,3,2,1,0,0,1
0,0,0,0,0,0,0,0,0,0,0,0,0,1
0,0,1,0,0,1,0,0,0,0,1,0,0,1
0,0,0,0,0,1,0,0,0,0,2,0,0,1
0,0,0,0,0,0,0,2,1,0,1,0,0,1
0,0,1,0,0,1,0,1,0,1,1,0,0,1
0,0,0,0,0,1,0,1,1,0,1,0,0,1
0,0,3,0,0,2,0,0,1,0,1,0,0,1
0,0,0,0,0,1,0,0,2,0,0,0,0,1
0,0,0,0,0,0,0,0,1,1,0,0,0,1
